ISO-10303-21;
HEADER;
/* Generated by software containing ST-Developer
 * from STEP Tools, Inc. (www.steptools.com) 
 */
/* OPTION: using custom renumber hook */

FILE_DESCRIPTION(
/* description */ ('STEP AP242 Edition 2',
'CAx-IF Rec.Pracs.---Representation and Presentation of Product Manufa
cturing Information (PMI)---4.0---2014-10-13',
'CAx-IF Rec.Pracs.---3D Tessellated Geometry---0.4---2014-09-14','2;1',
'CAx-IF Rec.Pracs.---User Defined Attributes---1.5---2016-08-15'),
/* implementation_level */ '2;1');

FILE_NAME(
/* name */ 'Bottom Half',
/* time_stamp */ '2026-08-19T17:13:00Z',
/* author */ (''),
/* organization */ (''),
/* preprocessor_version */ 'ST-DEVELOPER v20',
/* originating_system */ 'ONSHAPE BY PTC INC, 1.219',
/* authorisation */ '  ');

FILE_SCHEMA (('AP242_MANAGED_MODEL_BASED_3D_ENGINEERING_MIM_LF { 1 0 10303 442 3 1 4 }'));
ENDSEC;

DATA;
#10=SHAPE_REPRESENTATION_RELATIONSHIP('','',#1870,#12);
#11=SHAPE_REPRESENTATION_RELATIONSHIP('','',#1871,#13);
#12=ADVANCED_BREP_SHAPE_REPRESENTATION('',(#1866),#3126);
#13=ADVANCED_BREP_SHAPE_REPRESENTATION('',(#1867),#3127);
#14=CIRCLE('',#1880,0.00145);
#15=CIRCLE('',#1881,0.00145);
#16=CIRCLE('',#1883,0.00145);
#17=CIRCLE('',#1884,0.00145);
#18=CIRCLE('',#1886,0.00145);
#19=CIRCLE('',#1887,0.00145);
#20=CIRCLE('',#1889,0.00145);
#21=CIRCLE('',#1890,0.00145);
#22=CIRCLE('',#1894,0.00235);
#23=CIRCLE('',#1895,0.00235);
#24=CIRCLE('',#1896,0.00235);
#25=CIRCLE('',#1897,0.00235);
#26=CIRCLE('',#1899,0.000500000000000007);
#27=CIRCLE('',#1900,0.0005);
#28=CIRCLE('',#1901,0.0005);
#29=CIRCLE('',#1902,0.0005);
#30=CIRCLE('',#1903,0.0005);
#31=CIRCLE('',#1904,0.0005);
#32=CIRCLE('',#1905,0.0005);
#33=CIRCLE('',#1906,0.0005);
#34=CIRCLE('',#1907,0.0005);
#35=CIRCLE('',#1908,0.0005);
#36=CIRCLE('',#1909,0.0005);
#37=CIRCLE('',#1910,0.000500000000000007);
#38=CIRCLE('',#1911,0.0005);
#39=CIRCLE('',#1912,0.0005);
#40=CIRCLE('',#1913,0.0005);
#41=CIRCLE('',#1914,0.0005);
#42=CIRCLE('',#1915,0.0005);
#43=CIRCLE('',#1916,0.0005);
#44=CIRCLE('',#1917,0.0005);
#45=CIRCLE('',#1918,0.0005);
#46=CIRCLE('',#1919,0.0005);
#47=CIRCLE('',#1920,0.0005);
#48=CIRCLE('',#1921,0.0005);
#49=CIRCLE('',#1922,0.0005);
#50=CIRCLE('',#1923,0.0005);
#51=CIRCLE('',#1924,0.000500000000000007);
#52=CIRCLE('',#1925,0.0005);
#53=CIRCLE('',#1926,0.0005);
#54=CIRCLE('',#1927,0.0005);
#55=CIRCLE('',#1928,0.0005);
#56=CIRCLE('',#1929,0.000500000000000007);
#57=CIRCLE('',#1930,0.0005);
#58=CIRCLE('',#1932,0.000500000000000007);
#59=CIRCLE('',#1933,0.0005);
#60=CIRCLE('',#1934,0.0005);
#61=CIRCLE('',#1935,0.0005);
#62=CIRCLE('',#1936,0.0005);
#63=CIRCLE('',#1937,0.0005);
#64=CIRCLE('',#1938,0.0005);
#65=CIRCLE('',#1939,0.0005);
#66=CIRCLE('',#1940,0.0005);
#67=CIRCLE('',#1941,0.000500000000000007);
#68=CIRCLE('',#1942,0.0005);
#69=CIRCLE('',#1943,0.0005);
#70=CIRCLE('',#1944,0.0005);
#71=CIRCLE('',#1945,0.0005);
#72=CIRCLE('',#1946,0.0005);
#73=CIRCLE('',#1947,0.0005);
#74=CIRCLE('',#1948,0.0005);
#75=CIRCLE('',#1949,0.0005);
#76=CIRCLE('',#1950,0.0005);
#77=CIRCLE('',#1951,0.0005);
#78=CIRCLE('',#1952,0.0005);
#79=CIRCLE('',#1953,0.0005);
#80=CIRCLE('',#1954,0.0005);
#81=CIRCLE('',#1955,0.0005);
#82=CIRCLE('',#1956,0.0005);
#83=CIRCLE('',#1957,0.0005);
#84=CIRCLE('',#1958,0.0005);
#85=CIRCLE('',#1959,0.000500000000000007);
#86=CIRCLE('',#1960,0.0005);
#87=CIRCLE('',#1961,0.0005);
#88=CIRCLE('',#1962,0.000500000000000007);
#89=CIRCLE('',#1963,0.0005);
#90=CIRCLE('',#2029,0.00235);
#91=CIRCLE('',#2032,0.00235);
#92=CIRCLE('',#2035,0.00235);
#93=CIRCLE('',#2038,0.00235);
#94=CIRCLE('',#2046,0.00235);
#95=CIRCLE('',#2047,0.00235);
#96=CIRCLE('',#2048,0.00235);
#97=CIRCLE('',#2049,0.00235);
#98=CIRCLE('',#2051,0.00235);
#99=CIRCLE('',#2052,0.00235);
#100=CIRCLE('',#2053,0.00235);
#101=CIRCLE('',#2054,0.00235);
#102=CYLINDRICAL_SURFACE('',#1879,0.00145);
#103=CYLINDRICAL_SURFACE('',#1882,0.00145);
#104=CYLINDRICAL_SURFACE('',#1885,0.00145);
#105=CYLINDRICAL_SURFACE('',#1888,0.00145);
#106=CYLINDRICAL_SURFACE('',#1972,0.0005);
#107=CYLINDRICAL_SURFACE('',#1974,0.0005);
#108=CYLINDRICAL_SURFACE('',#1976,0.0005);
#109=CYLINDRICAL_SURFACE('',#1978,0.000500000000000007);
#110=CYLINDRICAL_SURFACE('',#1979,0.0005);
#111=CYLINDRICAL_SURFACE('',#1981,0.0005);
#112=CYLINDRICAL_SURFACE('',#1983,0.0005);
#113=CYLINDRICAL_SURFACE('',#1985,0.0005);
#114=CYLINDRICAL_SURFACE('',#1986,0.0005);
#115=CYLINDRICAL_SURFACE('',#1988,0.0005);
#116=CYLINDRICAL_SURFACE('',#1990,0.000500000000000007);
#117=CYLINDRICAL_SURFACE('',#1992,0.0005);
#118=CYLINDRICAL_SURFACE('',#1993,0.0005);
#119=CYLINDRICAL_SURFACE('',#1995,0.0005);
#120=CYLINDRICAL_SURFACE('',#1997,0.0005);
#121=CYLINDRICAL_SURFACE('',#1999,0.0005);
#122=CYLINDRICAL_SURFACE('',#2000,0.0005);
#123=CYLINDRICAL_SURFACE('',#2002,0.0005);
#124=CYLINDRICAL_SURFACE('',#2004,0.0005);
#125=CYLINDRICAL_SURFACE('',#2006,0.0005);
#126=CYLINDRICAL_SURFACE('',#2007,0.0005);
#127=CYLINDRICAL_SURFACE('',#2009,0.0005);
#128=CYLINDRICAL_SURFACE('',#2011,0.0005);
#129=CYLINDRICAL_SURFACE('',#2013,0.0005);
#130=CYLINDRICAL_SURFACE('',#2014,0.000500000000000007);
#131=CYLINDRICAL_SURFACE('',#2016,0.0005);
#132=CYLINDRICAL_SURFACE('',#2018,0.0005);
#133=CYLINDRICAL_SURFACE('',#2020,0.0005);
#134=CYLINDRICAL_SURFACE('',#2021,0.0005);
#135=CYLINDRICAL_SURFACE('',#2023,0.000500000000000007);
#136=CYLINDRICAL_SURFACE('',#2025,0.0005);
#137=CYLINDRICAL_SURFACE('',#2027,0.0005);
#138=CYLINDRICAL_SURFACE('',#2028,0.00235);
#139=CYLINDRICAL_SURFACE('',#2031,0.00235);
#140=CYLINDRICAL_SURFACE('',#2034,0.00235);
#141=CYLINDRICAL_SURFACE('',#2037,0.00235);
#142=CYLINDRICAL_SURFACE('',#2055,0.00235);
#143=CYLINDRICAL_SURFACE('',#2056,0.00235);
#144=CYLINDRICAL_SURFACE('',#2057,0.00235);
#145=CYLINDRICAL_SURFACE('',#2058,0.00235);
#146=ORIENTED_EDGE('',*,*,#650,.F.);
#147=ORIENTED_EDGE('',*,*,#651,.F.);
#148=ORIENTED_EDGE('',*,*,#652,.T.);
#149=ORIENTED_EDGE('',*,*,#653,.T.);
#150=ORIENTED_EDGE('',*,*,#654,.T.);
#151=ORIENTED_EDGE('',*,*,#655,.F.);
#152=ORIENTED_EDGE('',*,*,#656,.F.);
#153=ORIENTED_EDGE('',*,*,#651,.T.);
#154=ORIENTED_EDGE('',*,*,#657,.T.);
#155=ORIENTED_EDGE('',*,*,#658,.F.);
#156=ORIENTED_EDGE('',*,*,#659,.F.);
#157=ORIENTED_EDGE('',*,*,#655,.T.);
#158=ORIENTED_EDGE('',*,*,#660,.F.);
#159=ORIENTED_EDGE('',*,*,#661,.F.);
#160=ORIENTED_EDGE('',*,*,#662,.T.);
#161=ORIENTED_EDGE('',*,*,#663,.T.);
#162=ORIENTED_EDGE('',*,*,#664,.T.);
#163=ORIENTED_EDGE('',*,*,#665,.F.);
#164=ORIENTED_EDGE('',*,*,#666,.F.);
#165=ORIENTED_EDGE('',*,*,#661,.T.);
#166=ORIENTED_EDGE('',*,*,#667,.T.);
#167=ORIENTED_EDGE('',*,*,#668,.F.);
#168=ORIENTED_EDGE('',*,*,#669,.F.);
#169=ORIENTED_EDGE('',*,*,#665,.T.);
#170=ORIENTED_EDGE('',*,*,#670,.F.);
#171=ORIENTED_EDGE('',*,*,#671,.F.);
#172=ORIENTED_EDGE('',*,*,#672,.F.);
#173=ORIENTED_EDGE('',*,*,#673,.F.);
#174=ORIENTED_EDGE('',*,*,#674,.F.);
#175=ORIENTED_EDGE('',*,*,#675,.F.);
#176=ORIENTED_EDGE('',*,*,#676,.F.);
#177=ORIENTED_EDGE('',*,*,#677,.F.);
#178=ORIENTED_EDGE('',*,*,#678,.F.);
#179=ORIENTED_EDGE('',*,*,#663,.F.);
#180=ORIENTED_EDGE('',*,*,#679,.T.);
#181=ORIENTED_EDGE('',*,*,#668,.T.);
#182=ORIENTED_EDGE('',*,*,#680,.F.);
#183=ORIENTED_EDGE('',*,*,#653,.F.);
#184=ORIENTED_EDGE('',*,*,#681,.T.);
#185=ORIENTED_EDGE('',*,*,#658,.T.);
#186=ORIENTED_EDGE('',*,*,#682,.T.);
#187=ORIENTED_EDGE('',*,*,#683,.T.);
#188=ORIENTED_EDGE('',*,*,#684,.T.);
#189=ORIENTED_EDGE('',*,*,#685,.T.);
#190=ORIENTED_EDGE('',*,*,#660,.T.);
#191=ORIENTED_EDGE('',*,*,#678,.T.);
#192=ORIENTED_EDGE('',*,*,#667,.F.);
#193=ORIENTED_EDGE('',*,*,#664,.F.);
#194=ORIENTED_EDGE('',*,*,#650,.T.);
#195=ORIENTED_EDGE('',*,*,#680,.T.);
#196=ORIENTED_EDGE('',*,*,#657,.F.);
#197=ORIENTED_EDGE('',*,*,#654,.F.);
#198=ORIENTED_EDGE('',*,*,#662,.F.);
#199=ORIENTED_EDGE('',*,*,#666,.T.);
#200=ORIENTED_EDGE('',*,*,#669,.T.);
#201=ORIENTED_EDGE('',*,*,#679,.F.);
#202=ORIENTED_EDGE('',*,*,#686,.T.);
#203=ORIENTED_EDGE('',*,*,#687,.T.);
#204=ORIENTED_EDGE('',*,*,#688,.T.);
#205=ORIENTED_EDGE('',*,*,#689,.T.);
#206=ORIENTED_EDGE('',*,*,#690,.T.);
#207=ORIENTED_EDGE('',*,*,#691,.F.);
#208=ORIENTED_EDGE('',*,*,#692,.T.);
#209=ORIENTED_EDGE('',*,*,#693,.F.);
#210=ORIENTED_EDGE('',*,*,#694,.T.);
#211=ORIENTED_EDGE('',*,*,#695,.T.);
#212=ORIENTED_EDGE('',*,*,#696,.T.);
#213=ORIENTED_EDGE('',*,*,#697,.T.);
#214=ORIENTED_EDGE('',*,*,#698,.T.);
#215=ORIENTED_EDGE('',*,*,#699,.F.);
#216=ORIENTED_EDGE('',*,*,#700,.T.);
#217=ORIENTED_EDGE('',*,*,#701,.F.);
#218=ORIENTED_EDGE('',*,*,#702,.T.);
#219=ORIENTED_EDGE('',*,*,#703,.T.);
#220=ORIENTED_EDGE('',*,*,#704,.T.);
#221=ORIENTED_EDGE('',*,*,#705,.T.);
#222=ORIENTED_EDGE('',*,*,#706,.T.);
#223=ORIENTED_EDGE('',*,*,#707,.F.);
#224=ORIENTED_EDGE('',*,*,#708,.T.);
#225=ORIENTED_EDGE('',*,*,#709,.F.);
#226=ORIENTED_EDGE('',*,*,#710,.T.);
#227=ORIENTED_EDGE('',*,*,#711,.T.);
#228=ORIENTED_EDGE('',*,*,#712,.T.);
#229=ORIENTED_EDGE('',*,*,#713,.T.);
#230=ORIENTED_EDGE('',*,*,#714,.T.);
#231=ORIENTED_EDGE('',*,*,#715,.F.);
#232=ORIENTED_EDGE('',*,*,#716,.T.);
#233=ORIENTED_EDGE('',*,*,#717,.F.);
#234=ORIENTED_EDGE('',*,*,#718,.T.);
#235=ORIENTED_EDGE('',*,*,#719,.T.);
#236=ORIENTED_EDGE('',*,*,#720,.T.);
#237=ORIENTED_EDGE('',*,*,#721,.T.);
#238=ORIENTED_EDGE('',*,*,#722,.T.);
#239=ORIENTED_EDGE('',*,*,#723,.F.);
#240=ORIENTED_EDGE('',*,*,#724,.T.);
#241=ORIENTED_EDGE('',*,*,#725,.F.);
#242=ORIENTED_EDGE('',*,*,#726,.T.);
#243=ORIENTED_EDGE('',*,*,#727,.T.);
#244=ORIENTED_EDGE('',*,*,#728,.T.);
#245=ORIENTED_EDGE('',*,*,#729,.T.);
#246=ORIENTED_EDGE('',*,*,#730,.T.);
#247=ORIENTED_EDGE('',*,*,#731,.F.);
#248=ORIENTED_EDGE('',*,*,#732,.T.);
#249=ORIENTED_EDGE('',*,*,#733,.F.);
#250=ORIENTED_EDGE('',*,*,#734,.T.);
#251=ORIENTED_EDGE('',*,*,#735,.T.);
#252=ORIENTED_EDGE('',*,*,#736,.T.);
#253=ORIENTED_EDGE('',*,*,#737,.T.);
#254=ORIENTED_EDGE('',*,*,#738,.T.);
#255=ORIENTED_EDGE('',*,*,#739,.F.);
#256=ORIENTED_EDGE('',*,*,#740,.T.);
#257=ORIENTED_EDGE('',*,*,#741,.F.);
#258=ORIENTED_EDGE('',*,*,#742,.T.);
#259=ORIENTED_EDGE('',*,*,#743,.T.);
#260=ORIENTED_EDGE('',*,*,#744,.T.);
#261=ORIENTED_EDGE('',*,*,#745,.T.);
#262=ORIENTED_EDGE('',*,*,#746,.T.);
#263=ORIENTED_EDGE('',*,*,#747,.F.);
#264=ORIENTED_EDGE('',*,*,#748,.T.);
#265=ORIENTED_EDGE('',*,*,#749,.F.);
#266=ORIENTED_EDGE('',*,*,#677,.T.);
#267=ORIENTED_EDGE('',*,*,#675,.T.);
#268=ORIENTED_EDGE('',*,*,#671,.T.);
#269=ORIENTED_EDGE('',*,*,#673,.T.);
#270=ORIENTED_EDGE('',*,*,#652,.F.);
#271=ORIENTED_EDGE('',*,*,#656,.T.);
#272=ORIENTED_EDGE('',*,*,#659,.T.);
#273=ORIENTED_EDGE('',*,*,#681,.F.);
#274=ORIENTED_EDGE('',*,*,#750,.F.);
#275=ORIENTED_EDGE('',*,*,#751,.T.);
#276=ORIENTED_EDGE('',*,*,#752,.F.);
#277=ORIENTED_EDGE('',*,*,#753,.T.);
#278=ORIENTED_EDGE('',*,*,#754,.F.);
#279=ORIENTED_EDGE('',*,*,#755,.F.);
#280=ORIENTED_EDGE('',*,*,#756,.F.);
#281=ORIENTED_EDGE('',*,*,#757,.F.);
#282=ORIENTED_EDGE('',*,*,#758,.F.);
#283=ORIENTED_EDGE('',*,*,#759,.T.);
#284=ORIENTED_EDGE('',*,*,#760,.F.);
#285=ORIENTED_EDGE('',*,*,#761,.T.);
#286=ORIENTED_EDGE('',*,*,#762,.F.);
#287=ORIENTED_EDGE('',*,*,#763,.F.);
#288=ORIENTED_EDGE('',*,*,#764,.F.);
#289=ORIENTED_EDGE('',*,*,#765,.F.);
#290=ORIENTED_EDGE('',*,*,#766,.F.);
#291=ORIENTED_EDGE('',*,*,#767,.T.);
#292=ORIENTED_EDGE('',*,*,#768,.F.);
#293=ORIENTED_EDGE('',*,*,#769,.T.);
#294=ORIENTED_EDGE('',*,*,#770,.F.);
#295=ORIENTED_EDGE('',*,*,#771,.F.);
#296=ORIENTED_EDGE('',*,*,#772,.F.);
#297=ORIENTED_EDGE('',*,*,#773,.F.);
#298=ORIENTED_EDGE('',*,*,#774,.F.);
#299=ORIENTED_EDGE('',*,*,#775,.T.);
#300=ORIENTED_EDGE('',*,*,#776,.F.);
#301=ORIENTED_EDGE('',*,*,#777,.T.);
#302=ORIENTED_EDGE('',*,*,#778,.F.);
#303=ORIENTED_EDGE('',*,*,#779,.F.);
#304=ORIENTED_EDGE('',*,*,#780,.F.);
#305=ORIENTED_EDGE('',*,*,#781,.F.);
#306=ORIENTED_EDGE('',*,*,#782,.F.);
#307=ORIENTED_EDGE('',*,*,#783,.T.);
#308=ORIENTED_EDGE('',*,*,#784,.F.);
#309=ORIENTED_EDGE('',*,*,#785,.T.);
#310=ORIENTED_EDGE('',*,*,#786,.F.);
#311=ORIENTED_EDGE('',*,*,#787,.F.);
#312=ORIENTED_EDGE('',*,*,#788,.F.);
#313=ORIENTED_EDGE('',*,*,#789,.F.);
#314=ORIENTED_EDGE('',*,*,#790,.F.);
#315=ORIENTED_EDGE('',*,*,#791,.T.);
#316=ORIENTED_EDGE('',*,*,#792,.F.);
#317=ORIENTED_EDGE('',*,*,#793,.T.);
#318=ORIENTED_EDGE('',*,*,#794,.F.);
#319=ORIENTED_EDGE('',*,*,#795,.F.);
#320=ORIENTED_EDGE('',*,*,#796,.F.);
#321=ORIENTED_EDGE('',*,*,#797,.F.);
#322=ORIENTED_EDGE('',*,*,#798,.F.);
#323=ORIENTED_EDGE('',*,*,#799,.T.);
#324=ORIENTED_EDGE('',*,*,#800,.F.);
#325=ORIENTED_EDGE('',*,*,#801,.T.);
#326=ORIENTED_EDGE('',*,*,#802,.F.);
#327=ORIENTED_EDGE('',*,*,#803,.F.);
#328=ORIENTED_EDGE('',*,*,#804,.F.);
#329=ORIENTED_EDGE('',*,*,#805,.F.);
#330=ORIENTED_EDGE('',*,*,#806,.F.);
#331=ORIENTED_EDGE('',*,*,#807,.T.);
#332=ORIENTED_EDGE('',*,*,#808,.F.);
#333=ORIENTED_EDGE('',*,*,#809,.T.);
#334=ORIENTED_EDGE('',*,*,#810,.F.);
#335=ORIENTED_EDGE('',*,*,#811,.F.);
#336=ORIENTED_EDGE('',*,*,#812,.F.);
#337=ORIENTED_EDGE('',*,*,#813,.F.);
#338=ORIENTED_EDGE('',*,*,#743,.F.);
#339=ORIENTED_EDGE('',*,*,#814,.F.);
#340=ORIENTED_EDGE('',*,*,#813,.T.);
#341=ORIENTED_EDGE('',*,*,#815,.T.);
#342=ORIENTED_EDGE('',*,*,#687,.F.);
#343=ORIENTED_EDGE('',*,*,#816,.F.);
#344=ORIENTED_EDGE('',*,*,#757,.T.);
#345=ORIENTED_EDGE('',*,*,#817,.T.);
#346=ORIENTED_EDGE('',*,*,#695,.F.);
#347=ORIENTED_EDGE('',*,*,#818,.F.);
#348=ORIENTED_EDGE('',*,*,#765,.T.);
#349=ORIENTED_EDGE('',*,*,#819,.T.);
#350=ORIENTED_EDGE('',*,*,#703,.F.);
#351=ORIENTED_EDGE('',*,*,#820,.F.);
#352=ORIENTED_EDGE('',*,*,#773,.T.);
#353=ORIENTED_EDGE('',*,*,#821,.T.);
#354=ORIENTED_EDGE('',*,*,#711,.F.);
#355=ORIENTED_EDGE('',*,*,#822,.F.);
#356=ORIENTED_EDGE('',*,*,#781,.T.);
#357=ORIENTED_EDGE('',*,*,#823,.T.);
#358=ORIENTED_EDGE('',*,*,#719,.F.);
#359=ORIENTED_EDGE('',*,*,#824,.F.);
#360=ORIENTED_EDGE('',*,*,#789,.T.);
#361=ORIENTED_EDGE('',*,*,#825,.T.);
#362=ORIENTED_EDGE('',*,*,#727,.F.);
#363=ORIENTED_EDGE('',*,*,#826,.F.);
#364=ORIENTED_EDGE('',*,*,#797,.T.);
#365=ORIENTED_EDGE('',*,*,#827,.T.);
#366=ORIENTED_EDGE('',*,*,#735,.F.);
#367=ORIENTED_EDGE('',*,*,#828,.F.);
#368=ORIENTED_EDGE('',*,*,#805,.T.);
#369=ORIENTED_EDGE('',*,*,#829,.T.);
#370=ORIENTED_EDGE('',*,*,#688,.F.);
#371=ORIENTED_EDGE('',*,*,#817,.F.);
#372=ORIENTED_EDGE('',*,*,#756,.T.);
#373=ORIENTED_EDGE('',*,*,#830,.T.);
#374=ORIENTED_EDGE('',*,*,#689,.F.);
#375=ORIENTED_EDGE('',*,*,#830,.F.);
#376=ORIENTED_EDGE('',*,*,#755,.T.);
#377=ORIENTED_EDGE('',*,*,#831,.T.);
#378=ORIENTED_EDGE('',*,*,#690,.F.);
#379=ORIENTED_EDGE('',*,*,#831,.F.);
#380=ORIENTED_EDGE('',*,*,#754,.T.);
#381=ORIENTED_EDGE('',*,*,#832,.T.);
#382=ORIENTED_EDGE('',*,*,#691,.T.);
#383=ORIENTED_EDGE('',*,*,#832,.F.);
#384=ORIENTED_EDGE('',*,*,#753,.F.);
#385=ORIENTED_EDGE('',*,*,#833,.T.);
#386=ORIENTED_EDGE('',*,*,#692,.F.);
#387=ORIENTED_EDGE('',*,*,#833,.F.);
#388=ORIENTED_EDGE('',*,*,#752,.T.);
#389=ORIENTED_EDGE('',*,*,#834,.T.);
#390=ORIENTED_EDGE('',*,*,#693,.T.);
#391=ORIENTED_EDGE('',*,*,#834,.F.);
#392=ORIENTED_EDGE('',*,*,#751,.F.);
#393=ORIENTED_EDGE('',*,*,#835,.T.);
#394=ORIENTED_EDGE('',*,*,#686,.F.);
#395=ORIENTED_EDGE('',*,*,#835,.F.);
#396=ORIENTED_EDGE('',*,*,#750,.T.);
#397=ORIENTED_EDGE('',*,*,#816,.T.);
#398=ORIENTED_EDGE('',*,*,#696,.F.);
#399=ORIENTED_EDGE('',*,*,#819,.F.);
#400=ORIENTED_EDGE('',*,*,#764,.T.);
#401=ORIENTED_EDGE('',*,*,#836,.T.);
#402=ORIENTED_EDGE('',*,*,#697,.F.);
#403=ORIENTED_EDGE('',*,*,#836,.F.);
#404=ORIENTED_EDGE('',*,*,#763,.T.);
#405=ORIENTED_EDGE('',*,*,#837,.T.);
#406=ORIENTED_EDGE('',*,*,#698,.F.);
#407=ORIENTED_EDGE('',*,*,#837,.F.);
#408=ORIENTED_EDGE('',*,*,#762,.T.);
#409=ORIENTED_EDGE('',*,*,#838,.T.);
#410=ORIENTED_EDGE('',*,*,#699,.T.);
#411=ORIENTED_EDGE('',*,*,#838,.F.);
#412=ORIENTED_EDGE('',*,*,#761,.F.);
#413=ORIENTED_EDGE('',*,*,#839,.T.);
#414=ORIENTED_EDGE('',*,*,#700,.F.);
#415=ORIENTED_EDGE('',*,*,#839,.F.);
#416=ORIENTED_EDGE('',*,*,#760,.T.);
#417=ORIENTED_EDGE('',*,*,#840,.T.);
#418=ORIENTED_EDGE('',*,*,#701,.T.);
#419=ORIENTED_EDGE('',*,*,#840,.F.);
#420=ORIENTED_EDGE('',*,*,#759,.F.);
#421=ORIENTED_EDGE('',*,*,#841,.T.);
#422=ORIENTED_EDGE('',*,*,#694,.F.);
#423=ORIENTED_EDGE('',*,*,#841,.F.);
#424=ORIENTED_EDGE('',*,*,#758,.T.);
#425=ORIENTED_EDGE('',*,*,#818,.T.);
#426=ORIENTED_EDGE('',*,*,#704,.F.);
#427=ORIENTED_EDGE('',*,*,#821,.F.);
#428=ORIENTED_EDGE('',*,*,#772,.T.);
#429=ORIENTED_EDGE('',*,*,#842,.T.);
#430=ORIENTED_EDGE('',*,*,#705,.F.);
#431=ORIENTED_EDGE('',*,*,#842,.F.);
#432=ORIENTED_EDGE('',*,*,#771,.T.);
#433=ORIENTED_EDGE('',*,*,#843,.T.);
#434=ORIENTED_EDGE('',*,*,#706,.F.);
#435=ORIENTED_EDGE('',*,*,#843,.F.);
#436=ORIENTED_EDGE('',*,*,#770,.T.);
#437=ORIENTED_EDGE('',*,*,#844,.T.);
#438=ORIENTED_EDGE('',*,*,#707,.T.);
#439=ORIENTED_EDGE('',*,*,#844,.F.);
#440=ORIENTED_EDGE('',*,*,#769,.F.);
#441=ORIENTED_EDGE('',*,*,#845,.T.);
#442=ORIENTED_EDGE('',*,*,#708,.F.);
#443=ORIENTED_EDGE('',*,*,#845,.F.);
#444=ORIENTED_EDGE('',*,*,#768,.T.);
#445=ORIENTED_EDGE('',*,*,#846,.T.);
#446=ORIENTED_EDGE('',*,*,#709,.T.);
#447=ORIENTED_EDGE('',*,*,#846,.F.);
#448=ORIENTED_EDGE('',*,*,#767,.F.);
#449=ORIENTED_EDGE('',*,*,#847,.T.);
#450=ORIENTED_EDGE('',*,*,#702,.F.);
#451=ORIENTED_EDGE('',*,*,#847,.F.);
#452=ORIENTED_EDGE('',*,*,#766,.T.);
#453=ORIENTED_EDGE('',*,*,#820,.T.);
#454=ORIENTED_EDGE('',*,*,#712,.F.);
#455=ORIENTED_EDGE('',*,*,#823,.F.);
#456=ORIENTED_EDGE('',*,*,#780,.T.);
#457=ORIENTED_EDGE('',*,*,#848,.T.);
#458=ORIENTED_EDGE('',*,*,#713,.F.);
#459=ORIENTED_EDGE('',*,*,#848,.F.);
#460=ORIENTED_EDGE('',*,*,#779,.T.);
#461=ORIENTED_EDGE('',*,*,#849,.T.);
#462=ORIENTED_EDGE('',*,*,#714,.F.);
#463=ORIENTED_EDGE('',*,*,#849,.F.);
#464=ORIENTED_EDGE('',*,*,#778,.T.);
#465=ORIENTED_EDGE('',*,*,#850,.T.);
#466=ORIENTED_EDGE('',*,*,#715,.T.);
#467=ORIENTED_EDGE('',*,*,#850,.F.);
#468=ORIENTED_EDGE('',*,*,#777,.F.);
#469=ORIENTED_EDGE('',*,*,#851,.T.);
#470=ORIENTED_EDGE('',*,*,#716,.F.);
#471=ORIENTED_EDGE('',*,*,#851,.F.);
#472=ORIENTED_EDGE('',*,*,#776,.T.);
#473=ORIENTED_EDGE('',*,*,#852,.T.);
#474=ORIENTED_EDGE('',*,*,#717,.T.);
#475=ORIENTED_EDGE('',*,*,#852,.F.);
#476=ORIENTED_EDGE('',*,*,#775,.F.);
#477=ORIENTED_EDGE('',*,*,#853,.T.);
#478=ORIENTED_EDGE('',*,*,#710,.F.);
#479=ORIENTED_EDGE('',*,*,#853,.F.);
#480=ORIENTED_EDGE('',*,*,#774,.T.);
#481=ORIENTED_EDGE('',*,*,#822,.T.);
#482=ORIENTED_EDGE('',*,*,#720,.F.);
#483=ORIENTED_EDGE('',*,*,#825,.F.);
#484=ORIENTED_EDGE('',*,*,#788,.T.);
#485=ORIENTED_EDGE('',*,*,#854,.T.);
#486=ORIENTED_EDGE('',*,*,#721,.F.);
#487=ORIENTED_EDGE('',*,*,#854,.F.);
#488=ORIENTED_EDGE('',*,*,#787,.T.);
#489=ORIENTED_EDGE('',*,*,#855,.T.);
#490=ORIENTED_EDGE('',*,*,#722,.F.);
#491=ORIENTED_EDGE('',*,*,#855,.F.);
#492=ORIENTED_EDGE('',*,*,#786,.T.);
#493=ORIENTED_EDGE('',*,*,#856,.T.);
#494=ORIENTED_EDGE('',*,*,#723,.T.);
#495=ORIENTED_EDGE('',*,*,#856,.F.);
#496=ORIENTED_EDGE('',*,*,#785,.F.);
#497=ORIENTED_EDGE('',*,*,#857,.T.);
#498=ORIENTED_EDGE('',*,*,#724,.F.);
#499=ORIENTED_EDGE('',*,*,#857,.F.);
#500=ORIENTED_EDGE('',*,*,#784,.T.);
#501=ORIENTED_EDGE('',*,*,#858,.T.);
#502=ORIENTED_EDGE('',*,*,#725,.T.);
#503=ORIENTED_EDGE('',*,*,#858,.F.);
#504=ORIENTED_EDGE('',*,*,#783,.F.);
#505=ORIENTED_EDGE('',*,*,#859,.T.);
#506=ORIENTED_EDGE('',*,*,#718,.F.);
#507=ORIENTED_EDGE('',*,*,#859,.F.);
#508=ORIENTED_EDGE('',*,*,#782,.T.);
#509=ORIENTED_EDGE('',*,*,#824,.T.);
#510=ORIENTED_EDGE('',*,*,#728,.F.);
#511=ORIENTED_EDGE('',*,*,#827,.F.);
#512=ORIENTED_EDGE('',*,*,#796,.T.);
#513=ORIENTED_EDGE('',*,*,#860,.T.);
#514=ORIENTED_EDGE('',*,*,#729,.F.);
#515=ORIENTED_EDGE('',*,*,#860,.F.);
#516=ORIENTED_EDGE('',*,*,#795,.T.);
#517=ORIENTED_EDGE('',*,*,#861,.T.);
#518=ORIENTED_EDGE('',*,*,#730,.F.);
#519=ORIENTED_EDGE('',*,*,#861,.F.);
#520=ORIENTED_EDGE('',*,*,#794,.T.);
#521=ORIENTED_EDGE('',*,*,#862,.T.);
#522=ORIENTED_EDGE('',*,*,#731,.T.);
#523=ORIENTED_EDGE('',*,*,#862,.F.);
#524=ORIENTED_EDGE('',*,*,#793,.F.);
#525=ORIENTED_EDGE('',*,*,#863,.T.);
#526=ORIENTED_EDGE('',*,*,#732,.F.);
#527=ORIENTED_EDGE('',*,*,#863,.F.);
#528=ORIENTED_EDGE('',*,*,#792,.T.);
#529=ORIENTED_EDGE('',*,*,#864,.T.);
#530=ORIENTED_EDGE('',*,*,#733,.T.);
#531=ORIENTED_EDGE('',*,*,#864,.F.);
#532=ORIENTED_EDGE('',*,*,#791,.F.);
#533=ORIENTED_EDGE('',*,*,#865,.T.);
#534=ORIENTED_EDGE('',*,*,#726,.F.);
#535=ORIENTED_EDGE('',*,*,#865,.F.);
#536=ORIENTED_EDGE('',*,*,#790,.T.);
#537=ORIENTED_EDGE('',*,*,#826,.T.);
#538=ORIENTED_EDGE('',*,*,#736,.F.);
#539=ORIENTED_EDGE('',*,*,#829,.F.);
#540=ORIENTED_EDGE('',*,*,#804,.T.);
#541=ORIENTED_EDGE('',*,*,#866,.T.);
#542=ORIENTED_EDGE('',*,*,#737,.F.);
#543=ORIENTED_EDGE('',*,*,#866,.F.);
#544=ORIENTED_EDGE('',*,*,#803,.T.);
#545=ORIENTED_EDGE('',*,*,#867,.T.);
#546=ORIENTED_EDGE('',*,*,#738,.F.);
#547=ORIENTED_EDGE('',*,*,#867,.F.);
#548=ORIENTED_EDGE('',*,*,#802,.T.);
#549=ORIENTED_EDGE('',*,*,#868,.T.);
#550=ORIENTED_EDGE('',*,*,#739,.T.);
#551=ORIENTED_EDGE('',*,*,#868,.F.);
#552=ORIENTED_EDGE('',*,*,#801,.F.);
#553=ORIENTED_EDGE('',*,*,#869,.T.);
#554=ORIENTED_EDGE('',*,*,#740,.F.);
#555=ORIENTED_EDGE('',*,*,#869,.F.);
#556=ORIENTED_EDGE('',*,*,#800,.T.);
#557=ORIENTED_EDGE('',*,*,#870,.T.);
#558=ORIENTED_EDGE('',*,*,#741,.T.);
#559=ORIENTED_EDGE('',*,*,#870,.F.);
#560=ORIENTED_EDGE('',*,*,#799,.F.);
#561=ORIENTED_EDGE('',*,*,#871,.T.);
#562=ORIENTED_EDGE('',*,*,#734,.F.);
#563=ORIENTED_EDGE('',*,*,#871,.F.);
#564=ORIENTED_EDGE('',*,*,#798,.T.);
#565=ORIENTED_EDGE('',*,*,#828,.T.);
#566=ORIENTED_EDGE('',*,*,#744,.F.);
#567=ORIENTED_EDGE('',*,*,#815,.F.);
#568=ORIENTED_EDGE('',*,*,#812,.T.);
#569=ORIENTED_EDGE('',*,*,#872,.T.);
#570=ORIENTED_EDGE('',*,*,#745,.F.);
#571=ORIENTED_EDGE('',*,*,#872,.F.);
#572=ORIENTED_EDGE('',*,*,#811,.T.);
#573=ORIENTED_EDGE('',*,*,#873,.T.);
#574=ORIENTED_EDGE('',*,*,#746,.F.);
#575=ORIENTED_EDGE('',*,*,#873,.F.);
#576=ORIENTED_EDGE('',*,*,#810,.T.);
#577=ORIENTED_EDGE('',*,*,#874,.T.);
#578=ORIENTED_EDGE('',*,*,#747,.T.);
#579=ORIENTED_EDGE('',*,*,#874,.F.);
#580=ORIENTED_EDGE('',*,*,#809,.F.);
#581=ORIENTED_EDGE('',*,*,#875,.T.);
#582=ORIENTED_EDGE('',*,*,#748,.F.);
#583=ORIENTED_EDGE('',*,*,#875,.F.);
#584=ORIENTED_EDGE('',*,*,#808,.T.);
#585=ORIENTED_EDGE('',*,*,#876,.T.);
#586=ORIENTED_EDGE('',*,*,#749,.T.);
#587=ORIENTED_EDGE('',*,*,#876,.F.);
#588=ORIENTED_EDGE('',*,*,#807,.F.);
#589=ORIENTED_EDGE('',*,*,#877,.T.);
#590=ORIENTED_EDGE('',*,*,#742,.F.);
#591=ORIENTED_EDGE('',*,*,#877,.F.);
#592=ORIENTED_EDGE('',*,*,#806,.T.);
#593=ORIENTED_EDGE('',*,*,#814,.T.);
#594=ORIENTED_EDGE('',*,*,#878,.T.);
#595=ORIENTED_EDGE('',*,*,#685,.F.);
#596=ORIENTED_EDGE('',*,*,#670,.T.);
#597=ORIENTED_EDGE('',*,*,#878,.F.);
#598=ORIENTED_EDGE('',*,*,#879,.T.);
#599=ORIENTED_EDGE('',*,*,#684,.F.);
#600=ORIENTED_EDGE('',*,*,#676,.T.);
#601=ORIENTED_EDGE('',*,*,#879,.F.);
#602=ORIENTED_EDGE('',*,*,#880,.T.);
#603=ORIENTED_EDGE('',*,*,#683,.F.);
#604=ORIENTED_EDGE('',*,*,#674,.T.);
#605=ORIENTED_EDGE('',*,*,#880,.F.);
#606=ORIENTED_EDGE('',*,*,#881,.T.);
#607=ORIENTED_EDGE('',*,*,#682,.F.);
#608=ORIENTED_EDGE('',*,*,#672,.T.);
#609=ORIENTED_EDGE('',*,*,#881,.F.);
#610=ORIENTED_EDGE('',*,*,#882,.F.);
#611=ORIENTED_EDGE('',*,*,#883,.F.);
#612=ORIENTED_EDGE('',*,*,#884,.T.);
#613=ORIENTED_EDGE('',*,*,#885,.T.);
#614=ORIENTED_EDGE('',*,*,#886,.T.);
#615=ORIENTED_EDGE('',*,*,#887,.F.);
#616=ORIENTED_EDGE('',*,*,#888,.F.);
#617=ORIENTED_EDGE('',*,*,#883,.T.);
#618=ORIENTED_EDGE('',*,*,#889,.T.);
#619=ORIENTED_EDGE('',*,*,#890,.F.);
#620=ORIENTED_EDGE('',*,*,#891,.F.);
#621=ORIENTED_EDGE('',*,*,#887,.T.);
#622=ORIENTED_EDGE('',*,*,#892,.F.);
#623=ORIENTED_EDGE('',*,*,#885,.F.);
#624=ORIENTED_EDGE('',*,*,#893,.T.);
#625=ORIENTED_EDGE('',*,*,#890,.T.);
#626=ORIENTED_EDGE('',*,*,#894,.T.);
#627=ORIENTED_EDGE('',*,*,#895,.T.);
#628=ORIENTED_EDGE('',*,*,#896,.T.);
#629=ORIENTED_EDGE('',*,*,#897,.T.);
#630=ORIENTED_EDGE('',*,*,#884,.F.);
#631=ORIENTED_EDGE('',*,*,#888,.T.);
#632=ORIENTED_EDGE('',*,*,#891,.T.);
#633=ORIENTED_EDGE('',*,*,#893,.F.);
#634=ORIENTED_EDGE('',*,*,#898,.T.);
#635=ORIENTED_EDGE('',*,*,#899,.T.);
#636=ORIENTED_EDGE('',*,*,#900,.T.);
#637=ORIENTED_EDGE('',*,*,#901,.T.);
#638=ORIENTED_EDGE('',*,*,#882,.T.);
#639=ORIENTED_EDGE('',*,*,#892,.T.);
#640=ORIENTED_EDGE('',*,*,#889,.F.);
#641=ORIENTED_EDGE('',*,*,#886,.F.);
#642=ORIENTED_EDGE('',*,*,#897,.F.);
#643=ORIENTED_EDGE('',*,*,#901,.F.);
#644=ORIENTED_EDGE('',*,*,#896,.F.);
#645=ORIENTED_EDGE('',*,*,#900,.F.);
#646=ORIENTED_EDGE('',*,*,#895,.F.);
#647=ORIENTED_EDGE('',*,*,#899,.F.);
#648=ORIENTED_EDGE('',*,*,#894,.F.);
#649=ORIENTED_EDGE('',*,*,#898,.F.);
#650=EDGE_CURVE('',#902,#903,#1078,.T.);
#651=EDGE_CURVE('',#904,#902,#1079,.T.);
#652=EDGE_CURVE('',#904,#905,#1080,.T.);
#653=EDGE_CURVE('',#905,#903,#1081,.T.);
#654=EDGE_CURVE('',#902,#906,#1082,.T.);
#655=EDGE_CURVE('',#907,#906,#1083,.T.);
#656=EDGE_CURVE('',#904,#907,#1084,.T.);
#657=EDGE_CURVE('',#906,#908,#1085,.T.);
#658=EDGE_CURVE('',#909,#908,#1086,.T.);
#659=EDGE_CURVE('',#907,#909,#1087,.T.);
#660=EDGE_CURVE('',#910,#911,#1088,.T.);
#661=EDGE_CURVE('',#912,#910,#1089,.T.);
#662=EDGE_CURVE('',#912,#913,#1090,.T.);
#663=EDGE_CURVE('',#913,#911,#1091,.T.);
#664=EDGE_CURVE('',#910,#914,#1092,.T.);
#665=EDGE_CURVE('',#915,#914,#1093,.T.);
#666=EDGE_CURVE('',#912,#915,#1094,.T.);
#667=EDGE_CURVE('',#914,#916,#1095,.T.);
#668=EDGE_CURVE('',#917,#916,#1096,.T.);
#669=EDGE_CURVE('',#915,#917,#1097,.T.);
#670=EDGE_CURVE('',#918,#918,#14,.T.);
#671=EDGE_CURVE('',#919,#919,#15,.F.);
#672=EDGE_CURVE('',#920,#920,#16,.T.);
#673=EDGE_CURVE('',#921,#921,#17,.F.);
#674=EDGE_CURVE('',#922,#922,#18,.T.);
#675=EDGE_CURVE('',#923,#923,#19,.F.);
#676=EDGE_CURVE('',#924,#924,#20,.T.);
#677=EDGE_CURVE('',#925,#925,#21,.F.);
#678=EDGE_CURVE('',#911,#916,#1098,.T.);
#679=EDGE_CURVE('',#913,#917,#1099,.T.);
#680=EDGE_CURVE('',#903,#908,#1100,.T.);
#681=EDGE_CURVE('',#905,#909,#1101,.T.);
#682=EDGE_CURVE('',#926,#926,#22,.T.);
#683=EDGE_CURVE('',#927,#927,#23,.T.);
#684=EDGE_CURVE('',#928,#928,#24,.T.);
#685=EDGE_CURVE('',#929,#929,#25,.T.);
#686=EDGE_CURVE('',#930,#931,#26,.T.);
#687=EDGE_CURVE('',#931,#932,#1102,.T.);
#688=EDGE_CURVE('',#932,#933,#27,.T.);
#689=EDGE_CURVE('',#933,#934,#1103,.T.);
#690=EDGE_CURVE('',#934,#935,#28,.T.);
#691=EDGE_CURVE('',#936,#935,#1104,.T.);
#692=EDGE_CURVE('',#936,#937,#29,.T.);
#693=EDGE_CURVE('',#930,#937,#1105,.T.);
#694=EDGE_CURVE('',#938,#939,#30,.T.);
#695=EDGE_CURVE('',#939,#940,#1106,.T.);
#696=EDGE_CURVE('',#940,#941,#31,.T.);
#697=EDGE_CURVE('',#941,#942,#1107,.T.);
#698=EDGE_CURVE('',#942,#943,#32,.T.);
#699=EDGE_CURVE('',#944,#943,#1108,.T.);
#700=EDGE_CURVE('',#944,#945,#33,.T.);
#701=EDGE_CURVE('',#938,#945,#1109,.T.);
#702=EDGE_CURVE('',#946,#947,#34,.T.);
#703=EDGE_CURVE('',#947,#948,#1110,.T.);
#704=EDGE_CURVE('',#948,#949,#35,.T.);
#705=EDGE_CURVE('',#949,#950,#1111,.T.);
#706=EDGE_CURVE('',#950,#951,#36,.T.);
#707=EDGE_CURVE('',#952,#951,#1112,.T.);
#708=EDGE_CURVE('',#952,#953,#37,.T.);
#709=EDGE_CURVE('',#946,#953,#1113,.T.);
#710=EDGE_CURVE('',#954,#955,#38,.T.);
#711=EDGE_CURVE('',#955,#956,#1114,.T.);
#712=EDGE_CURVE('',#956,#957,#39,.T.);
#713=EDGE_CURVE('',#957,#958,#1115,.T.);
#714=EDGE_CURVE('',#958,#959,#40,.T.);
#715=EDGE_CURVE('',#960,#959,#1116,.T.);
#716=EDGE_CURVE('',#960,#961,#41,.T.);
#717=EDGE_CURVE('',#954,#961,#1117,.T.);
#718=EDGE_CURVE('',#962,#963,#42,.T.);
#719=EDGE_CURVE('',#963,#964,#1118,.T.);
#720=EDGE_CURVE('',#964,#965,#43,.T.);
#721=EDGE_CURVE('',#965,#966,#1119,.T.);
#722=EDGE_CURVE('',#966,#967,#44,.T.);
#723=EDGE_CURVE('',#968,#967,#1120,.T.);
#724=EDGE_CURVE('',#968,#969,#45,.T.);
#725=EDGE_CURVE('',#962,#969,#1121,.T.);
#726=EDGE_CURVE('',#970,#971,#46,.T.);
#727=EDGE_CURVE('',#971,#972,#1122,.T.);
#728=EDGE_CURVE('',#972,#973,#47,.T.);
#729=EDGE_CURVE('',#973,#974,#1123,.T.);
#730=EDGE_CURVE('',#974,#975,#48,.T.);
#731=EDGE_CURVE('',#976,#975,#1124,.T.);
#732=EDGE_CURVE('',#976,#977,#49,.T.);
#733=EDGE_CURVE('',#970,#977,#1125,.T.);
#734=EDGE_CURVE('',#978,#979,#50,.T.);
#735=EDGE_CURVE('',#979,#980,#1126,.T.);
#736=EDGE_CURVE('',#980,#981,#51,.T.);
#737=EDGE_CURVE('',#981,#982,#1127,.T.);
#738=EDGE_CURVE('',#982,#983,#52,.T.);
#739=EDGE_CURVE('',#984,#983,#1128,.T.);
#740=EDGE_CURVE('',#984,#985,#53,.T.);
#741=EDGE_CURVE('',#978,#985,#1129,.T.);
#742=EDGE_CURVE('',#986,#987,#54,.T.);
#743=EDGE_CURVE('',#987,#988,#1130,.T.);
#744=EDGE_CURVE('',#988,#989,#55,.T.);
#745=EDGE_CURVE('',#989,#990,#1131,.T.);
#746=EDGE_CURVE('',#990,#991,#56,.T.);
#747=EDGE_CURVE('',#992,#991,#1132,.T.);
#748=EDGE_CURVE('',#992,#993,#57,.T.);
#749=EDGE_CURVE('',#986,#993,#1133,.T.);
#750=EDGE_CURVE('',#994,#995,#58,.T.);
#751=EDGE_CURVE('',#994,#996,#1134,.T.);
#752=EDGE_CURVE('',#997,#996,#59,.T.);
#753=EDGE_CURVE('',#997,#998,#1135,.T.);
#754=EDGE_CURVE('',#999,#998,#60,.T.);
#755=EDGE_CURVE('',#1000,#999,#1136,.T.);
#756=EDGE_CURVE('',#1001,#1000,#61,.T.);
#757=EDGE_CURVE('',#995,#1001,#1137,.T.);
#758=EDGE_CURVE('',#1002,#1003,#62,.T.);
#759=EDGE_CURVE('',#1002,#1004,#1138,.T.);
#760=EDGE_CURVE('',#1005,#1004,#63,.T.);
#761=EDGE_CURVE('',#1005,#1006,#1139,.T.);
#762=EDGE_CURVE('',#1007,#1006,#64,.T.);
#763=EDGE_CURVE('',#1008,#1007,#1140,.T.);
#764=EDGE_CURVE('',#1009,#1008,#65,.T.);
#765=EDGE_CURVE('',#1003,#1009,#1141,.T.);
#766=EDGE_CURVE('',#1010,#1011,#66,.T.);
#767=EDGE_CURVE('',#1010,#1012,#1142,.T.);
#768=EDGE_CURVE('',#1013,#1012,#67,.T.);
#769=EDGE_CURVE('',#1013,#1014,#1143,.T.);
#770=EDGE_CURVE('',#1015,#1014,#68,.T.);
#771=EDGE_CURVE('',#1016,#1015,#1144,.T.);
#772=EDGE_CURVE('',#1017,#1016,#69,.T.);
#773=EDGE_CURVE('',#1011,#1017,#1145,.T.);
#774=EDGE_CURVE('',#1018,#1019,#70,.T.);
#775=EDGE_CURVE('',#1018,#1020,#1146,.T.);
#776=EDGE_CURVE('',#1021,#1020,#71,.T.);
#777=EDGE_CURVE('',#1021,#1022,#1147,.T.);
#778=EDGE_CURVE('',#1023,#1022,#72,.T.);
#779=EDGE_CURVE('',#1024,#1023,#1148,.T.);
#780=EDGE_CURVE('',#1025,#1024,#73,.T.);
#781=EDGE_CURVE('',#1019,#1025,#1149,.T.);
#782=EDGE_CURVE('',#1026,#1027,#74,.T.);
#783=EDGE_CURVE('',#1026,#1028,#1150,.T.);
#784=EDGE_CURVE('',#1029,#1028,#75,.T.);
#785=EDGE_CURVE('',#1029,#1030,#1151,.T.);
#786=EDGE_CURVE('',#1031,#1030,#76,.T.);
#787=EDGE_CURVE('',#1032,#1031,#1152,.T.);
#788=EDGE_CURVE('',#1033,#1032,#77,.T.);
#789=EDGE_CURVE('',#1027,#1033,#1153,.T.);
#790=EDGE_CURVE('',#1034,#1035,#78,.T.);
#791=EDGE_CURVE('',#1034,#1036,#1154,.T.);
#792=EDGE_CURVE('',#1037,#1036,#79,.T.);
#793=EDGE_CURVE('',#1037,#1038,#1155,.T.);
#794=EDGE_CURVE('',#1039,#1038,#80,.T.);
#795=EDGE_CURVE('',#1040,#1039,#1156,.T.);
#796=EDGE_CURVE('',#1041,#1040,#81,.T.);
#797=EDGE_CURVE('',#1035,#1041,#1157,.T.);
#798=EDGE_CURVE('',#1042,#1043,#82,.T.);
#799=EDGE_CURVE('',#1042,#1044,#1158,.T.);
#800=EDGE_CURVE('',#1045,#1044,#83,.T.);
#801=EDGE_CURVE('',#1045,#1046,#1159,.T.);
#802=EDGE_CURVE('',#1047,#1046,#84,.T.);
#803=EDGE_CURVE('',#1048,#1047,#1160,.T.);
#804=EDGE_CURVE('',#1049,#1048,#85,.T.);
#805=EDGE_CURVE('',#1043,#1049,#1161,.T.);
#806=EDGE_CURVE('',#1050,#1051,#86,.T.);
#807=EDGE_CURVE('',#1050,#1052,#1162,.T.);
#808=EDGE_CURVE('',#1053,#1052,#87,.T.);
#809=EDGE_CURVE('',#1053,#1054,#1163,.T.);
#810=EDGE_CURVE('',#1055,#1054,#88,.T.);
#811=EDGE_CURVE('',#1056,#1055,#1164,.T.);
#812=EDGE_CURVE('',#1057,#1056,#89,.T.);
#813=EDGE_CURVE('',#1051,#1057,#1165,.T.);
#814=EDGE_CURVE('',#1051,#987,#1166,.T.);
#815=EDGE_CURVE('',#1057,#988,#1167,.T.);
#816=EDGE_CURVE('',#995,#931,#1168,.T.);
#817=EDGE_CURVE('',#1001,#932,#1169,.T.);
#818=EDGE_CURVE('',#1003,#939,#1170,.T.);
#819=EDGE_CURVE('',#1009,#940,#1171,.T.);
#820=EDGE_CURVE('',#1011,#947,#1172,.T.);
#821=EDGE_CURVE('',#1017,#948,#1173,.T.);
#822=EDGE_CURVE('',#1019,#955,#1174,.T.);
#823=EDGE_CURVE('',#1025,#956,#1175,.T.);
#824=EDGE_CURVE('',#1027,#963,#1176,.T.);
#825=EDGE_CURVE('',#1033,#964,#1177,.T.);
#826=EDGE_CURVE('',#1035,#971,#1178,.T.);
#827=EDGE_CURVE('',#1041,#972,#1179,.T.);
#828=EDGE_CURVE('',#1043,#979,#1180,.T.);
#829=EDGE_CURVE('',#1049,#980,#1181,.T.);
#830=EDGE_CURVE('',#1000,#933,#1182,.T.);
#831=EDGE_CURVE('',#999,#934,#1183,.T.);
#832=EDGE_CURVE('',#998,#935,#1184,.T.);
#833=EDGE_CURVE('',#997,#936,#1185,.T.);
#834=EDGE_CURVE('',#996,#937,#1186,.T.);
#835=EDGE_CURVE('',#994,#930,#1187,.T.);
#836=EDGE_CURVE('',#1008,#941,#1188,.T.);
#837=EDGE_CURVE('',#1007,#942,#1189,.T.);
#838=EDGE_CURVE('',#1006,#943,#1190,.T.);
#839=EDGE_CURVE('',#1005,#944,#1191,.T.);
#840=EDGE_CURVE('',#1004,#945,#1192,.T.);
#841=EDGE_CURVE('',#1002,#938,#1193,.T.);
#842=EDGE_CURVE('',#1016,#949,#1194,.T.);
#843=EDGE_CURVE('',#1015,#950,#1195,.T.);
#844=EDGE_CURVE('',#1014,#951,#1196,.T.);
#845=EDGE_CURVE('',#1013,#952,#1197,.T.);
#846=EDGE_CURVE('',#1012,#953,#1198,.T.);
#847=EDGE_CURVE('',#1010,#946,#1199,.T.);
#848=EDGE_CURVE('',#1024,#957,#1200,.T.);
#849=EDGE_CURVE('',#1023,#958,#1201,.T.);
#850=EDGE_CURVE('',#1022,#959,#1202,.T.);
#851=EDGE_CURVE('',#1021,#960,#1203,.T.);
#852=EDGE_CURVE('',#1020,#961,#1204,.T.);
#853=EDGE_CURVE('',#1018,#954,#1205,.T.);
#854=EDGE_CURVE('',#1032,#965,#1206,.T.);
#855=EDGE_CURVE('',#1031,#966,#1207,.T.);
#856=EDGE_CURVE('',#1030,#967,#1208,.T.);
#857=EDGE_CURVE('',#1029,#968,#1209,.T.);
#858=EDGE_CURVE('',#1028,#969,#1210,.T.);
#859=EDGE_CURVE('',#1026,#962,#1211,.T.);
#860=EDGE_CURVE('',#1040,#973,#1212,.T.);
#861=EDGE_CURVE('',#1039,#974,#1213,.T.);
#862=EDGE_CURVE('',#1038,#975,#1214,.T.);
#863=EDGE_CURVE('',#1037,#976,#1215,.T.);
#864=EDGE_CURVE('',#1036,#977,#1216,.T.);
#865=EDGE_CURVE('',#1034,#970,#1217,.T.);
#866=EDGE_CURVE('',#1048,#981,#1218,.T.);
#867=EDGE_CURVE('',#1047,#982,#1219,.T.);
#868=EDGE_CURVE('',#1046,#983,#1220,.T.);
#869=EDGE_CURVE('',#1045,#984,#1221,.T.);
#870=EDGE_CURVE('',#1044,#985,#1222,.T.);
#871=EDGE_CURVE('',#1042,#978,#1223,.T.);
#872=EDGE_CURVE('',#1056,#989,#1224,.T.);
#873=EDGE_CURVE('',#1055,#990,#1225,.T.);
#874=EDGE_CURVE('',#1054,#991,#1226,.T.);
#875=EDGE_CURVE('',#1053,#992,#1227,.T.);
#876=EDGE_CURVE('',#1052,#993,#1228,.T.);
#877=EDGE_CURVE('',#1050,#986,#1229,.T.);
#878=EDGE_CURVE('',#1058,#1058,#90,.T.);
#879=EDGE_CURVE('',#1059,#1059,#91,.T.);
#880=EDGE_CURVE('',#1060,#1060,#92,.T.);
#881=EDGE_CURVE('',#1061,#1061,#93,.T.);
#882=EDGE_CURVE('',#1062,#1063,#1230,.T.);
#883=EDGE_CURVE('',#1064,#1062,#1231,.T.);
#884=EDGE_CURVE('',#1064,#1065,#1232,.T.);
#885=EDGE_CURVE('',#1065,#1063,#1233,.T.);
#886=EDGE_CURVE('',#1062,#1066,#1234,.T.);
#887=EDGE_CURVE('',#1067,#1066,#1235,.T.);
#888=EDGE_CURVE('',#1064,#1067,#1236,.T.);
#889=EDGE_CURVE('',#1066,#1068,#1237,.T.);
#890=EDGE_CURVE('',#1069,#1068,#1238,.T.);
#891=EDGE_CURVE('',#1067,#1069,#1239,.T.);
#892=EDGE_CURVE('',#1063,#1068,#1240,.T.);
#893=EDGE_CURVE('',#1065,#1069,#1241,.T.);
#894=EDGE_CURVE('',#1070,#1070,#94,.F.);
#895=EDGE_CURVE('',#1071,#1071,#95,.F.);
#896=EDGE_CURVE('',#1072,#1072,#96,.F.);
#897=EDGE_CURVE('',#1073,#1073,#97,.F.);
#898=EDGE_CURVE('',#1074,#1074,#98,.T.);
#899=EDGE_CURVE('',#1075,#1075,#99,.T.);
#900=EDGE_CURVE('',#1076,#1076,#100,.T.);
#901=EDGE_CURVE('',#1077,#1077,#101,.T.);
#902=VERTEX_POINT('',#2600);
#903=VERTEX_POINT('',#2601);
#904=VERTEX_POINT('',#2603);
#905=VERTEX_POINT('',#2605);
#906=VERTEX_POINT('',#2609);
#907=VERTEX_POINT('',#2611);
#908=VERTEX_POINT('',#2615);
#909=VERTEX_POINT('',#2617);
#910=VERTEX_POINT('',#2621);
#911=VERTEX_POINT('',#2622);
#912=VERTEX_POINT('',#2624);
#913=VERTEX_POINT('',#2626);
#914=VERTEX_POINT('',#2630);
#915=VERTEX_POINT('',#2632);
#916=VERTEX_POINT('',#2636);
#917=VERTEX_POINT('',#2638);
#918=VERTEX_POINT('',#2642);
#919=VERTEX_POINT('',#2644);
#920=VERTEX_POINT('',#2647);
#921=VERTEX_POINT('',#2649);
#922=VERTEX_POINT('',#2652);
#923=VERTEX_POINT('',#2654);
#924=VERTEX_POINT('',#2657);
#925=VERTEX_POINT('',#2659);
#926=VERTEX_POINT('',#2668);
#927=VERTEX_POINT('',#2670);
#928=VERTEX_POINT('',#2672);
#929=VERTEX_POINT('',#2674);
#930=VERTEX_POINT('',#2677);
#931=VERTEX_POINT('',#2678);
#932=VERTEX_POINT('',#2680);
#933=VERTEX_POINT('',#2682);
#934=VERTEX_POINT('',#2684);
#935=VERTEX_POINT('',#2686);
#936=VERTEX_POINT('',#2688);
#937=VERTEX_POINT('',#2690);
#938=VERTEX_POINT('',#2693);
#939=VERTEX_POINT('',#2694);
#940=VERTEX_POINT('',#2696);
#941=VERTEX_POINT('',#2698);
#942=VERTEX_POINT('',#2700);
#943=VERTEX_POINT('',#2702);
#944=VERTEX_POINT('',#2704);
#945=VERTEX_POINT('',#2706);
#946=VERTEX_POINT('',#2709);
#947=VERTEX_POINT('',#2710);
#948=VERTEX_POINT('',#2712);
#949=VERTEX_POINT('',#2714);
#950=VERTEX_POINT('',#2716);
#951=VERTEX_POINT('',#2718);
#952=VERTEX_POINT('',#2720);
#953=VERTEX_POINT('',#2722);
#954=VERTEX_POINT('',#2725);
#955=VERTEX_POINT('',#2726);
#956=VERTEX_POINT('',#2728);
#957=VERTEX_POINT('',#2730);
#958=VERTEX_POINT('',#2732);
#959=VERTEX_POINT('',#2734);
#960=VERTEX_POINT('',#2736);
#961=VERTEX_POINT('',#2738);
#962=VERTEX_POINT('',#2741);
#963=VERTEX_POINT('',#2742);
#964=VERTEX_POINT('',#2744);
#965=VERTEX_POINT('',#2746);
#966=VERTEX_POINT('',#2748);
#967=VERTEX_POINT('',#2750);
#968=VERTEX_POINT('',#2752);
#969=VERTEX_POINT('',#2754);
#970=VERTEX_POINT('',#2757);
#971=VERTEX_POINT('',#2758);
#972=VERTEX_POINT('',#2760);
#973=VERTEX_POINT('',#2762);
#974=VERTEX_POINT('',#2764);
#975=VERTEX_POINT('',#2766);
#976=VERTEX_POINT('',#2768);
#977=VERTEX_POINT('',#2770);
#978=VERTEX_POINT('',#2773);
#979=VERTEX_POINT('',#2774);
#980=VERTEX_POINT('',#2776);
#981=VERTEX_POINT('',#2778);
#982=VERTEX_POINT('',#2780);
#983=VERTEX_POINT('',#2782);
#984=VERTEX_POINT('',#2784);
#985=VERTEX_POINT('',#2786);
#986=VERTEX_POINT('',#2789);
#987=VERTEX_POINT('',#2790);
#988=VERTEX_POINT('',#2792);
#989=VERTEX_POINT('',#2794);
#990=VERTEX_POINT('',#2796);
#991=VERTEX_POINT('',#2798);
#992=VERTEX_POINT('',#2800);
#993=VERTEX_POINT('',#2802);
#994=VERTEX_POINT('',#2806);
#995=VERTEX_POINT('',#2807);
#996=VERTEX_POINT('',#2809);
#997=VERTEX_POINT('',#2811);
#998=VERTEX_POINT('',#2813);
#999=VERTEX_POINT('',#2815);
#1000=VERTEX_POINT('',#2817);
#1001=VERTEX_POINT('',#2819);
#1002=VERTEX_POINT('',#2822);
#1003=VERTEX_POINT('',#2823);
#1004=VERTEX_POINT('',#2825);
#1005=VERTEX_POINT('',#2827);
#1006=VERTEX_POINT('',#2829);
#1007=VERTEX_POINT('',#2831);
#1008=VERTEX_POINT('',#2833);
#1009=VERTEX_POINT('',#2835);
#1010=VERTEX_POINT('',#2838);
#1011=VERTEX_POINT('',#2839);
#1012=VERTEX_POINT('',#2841);
#1013=VERTEX_POINT('',#2843);
#1014=VERTEX_POINT('',#2845);
#1015=VERTEX_POINT('',#2847);
#1016=VERTEX_POINT('',#2849);
#1017=VERTEX_POINT('',#2851);
#1018=VERTEX_POINT('',#2854);
#1019=VERTEX_POINT('',#2855);
#1020=VERTEX_POINT('',#2857);
#1021=VERTEX_POINT('',#2859);
#1022=VERTEX_POINT('',#2861);
#1023=VERTEX_POINT('',#2863);
#1024=VERTEX_POINT('',#2865);
#1025=VERTEX_POINT('',#2867);
#1026=VERTEX_POINT('',#2870);
#1027=VERTEX_POINT('',#2871);
#1028=VERTEX_POINT('',#2873);
#1029=VERTEX_POINT('',#2875);
#1030=VERTEX_POINT('',#2877);
#1031=VERTEX_POINT('',#2879);
#1032=VERTEX_POINT('',#2881);
#1033=VERTEX_POINT('',#2883);
#1034=VERTEX_POINT('',#2886);
#1035=VERTEX_POINT('',#2887);
#1036=VERTEX_POINT('',#2889);
#1037=VERTEX_POINT('',#2891);
#1038=VERTEX_POINT('',#2893);
#1039=VERTEX_POINT('',#2895);
#1040=VERTEX_POINT('',#2897);
#1041=VERTEX_POINT('',#2899);
#1042=VERTEX_POINT('',#2902);
#1043=VERTEX_POINT('',#2903);
#1044=VERTEX_POINT('',#2905);
#1045=VERTEX_POINT('',#2907);
#1046=VERTEX_POINT('',#2909);
#1047=VERTEX_POINT('',#2911);
#1048=VERTEX_POINT('',#2913);
#1049=VERTEX_POINT('',#2915);
#1050=VERTEX_POINT('',#2918);
#1051=VERTEX_POINT('',#2919);
#1052=VERTEX_POINT('',#2921);
#1053=VERTEX_POINT('',#2923);
#1054=VERTEX_POINT('',#2925);
#1055=VERTEX_POINT('',#2927);
#1056=VERTEX_POINT('',#2929);
#1057=VERTEX_POINT('',#2931);
#1058=VERTEX_POINT('',#3063);
#1059=VERTEX_POINT('',#3067);
#1060=VERTEX_POINT('',#3071);
#1061=VERTEX_POINT('',#3075);
#1062=VERTEX_POINT('',#3080);
#1063=VERTEX_POINT('',#3081);
#1064=VERTEX_POINT('',#3083);
#1065=VERTEX_POINT('',#3085);
#1066=VERTEX_POINT('',#3089);
#1067=VERTEX_POINT('',#3091);
#1068=VERTEX_POINT('',#3095);
#1069=VERTEX_POINT('',#3097);
#1070=VERTEX_POINT('',#3104);
#1071=VERTEX_POINT('',#3106);
#1072=VERTEX_POINT('',#3108);
#1073=VERTEX_POINT('',#3110);
#1074=VERTEX_POINT('',#3113);
#1075=VERTEX_POINT('',#3115);
#1076=VERTEX_POINT('',#3117);
#1077=VERTEX_POINT('',#3119);
#1078=LINE('',#2599,#1242);
#1079=LINE('',#2602,#1243);
#1080=LINE('',#2604,#1244);
#1081=LINE('',#2606,#1245);
#1082=LINE('',#2608,#1246);
#1083=LINE('',#2610,#1247);
#1084=LINE('',#2612,#1248);
#1085=LINE('',#2614,#1249);
#1086=LINE('',#2616,#1250);
#1087=LINE('',#2618,#1251);
#1088=LINE('',#2620,#1252);
#1089=LINE('',#2623,#1253);
#1090=LINE('',#2625,#1254);
#1091=LINE('',#2627,#1255);
#1092=LINE('',#2629,#1256);
#1093=LINE('',#2631,#1257);
#1094=LINE('',#2633,#1258);
#1095=LINE('',#2635,#1259);
#1096=LINE('',#2637,#1260);
#1097=LINE('',#2639,#1261);
#1098=LINE('',#2661,#1262);
#1099=LINE('',#2662,#1263);
#1100=LINE('',#2664,#1264);
#1101=LINE('',#2665,#1265);
#1102=LINE('',#2679,#1266);
#1103=LINE('',#2683,#1267);
#1104=LINE('',#2687,#1268);
#1105=LINE('',#2691,#1269);
#1106=LINE('',#2695,#1270);
#1107=LINE('',#2699,#1271);
#1108=LINE('',#2703,#1272);
#1109=LINE('',#2707,#1273);
#1110=LINE('',#2711,#1274);
#1111=LINE('',#2715,#1275);
#1112=LINE('',#2719,#1276);
#1113=LINE('',#2723,#1277);
#1114=LINE('',#2727,#1278);
#1115=LINE('',#2731,#1279);
#1116=LINE('',#2735,#1280);
#1117=LINE('',#2739,#1281);
#1118=LINE('',#2743,#1282);
#1119=LINE('',#2747,#1283);
#1120=LINE('',#2751,#1284);
#1121=LINE('',#2755,#1285);
#1122=LINE('',#2759,#1286);
#1123=LINE('',#2763,#1287);
#1124=LINE('',#2767,#1288);
#1125=LINE('',#2771,#1289);
#1126=LINE('',#2775,#1290);
#1127=LINE('',#2779,#1291);
#1128=LINE('',#2783,#1292);
#1129=LINE('',#2787,#1293);
#1130=LINE('',#2791,#1294);
#1131=LINE('',#2795,#1295);
#1132=LINE('',#2799,#1296);
#1133=LINE('',#2803,#1297);
#1134=LINE('',#2808,#1298);
#1135=LINE('',#2812,#1299);
#1136=LINE('',#2816,#1300);
#1137=LINE('',#2820,#1301);
#1138=LINE('',#2824,#1302);
#1139=LINE('',#2828,#1303);
#1140=LINE('',#2832,#1304);
#1141=LINE('',#2836,#1305);
#1142=LINE('',#2840,#1306);
#1143=LINE('',#2844,#1307);
#1144=LINE('',#2848,#1308);
#1145=LINE('',#2852,#1309);
#1146=LINE('',#2856,#1310);
#1147=LINE('',#2860,#1311);
#1148=LINE('',#2864,#1312);
#1149=LINE('',#2868,#1313);
#1150=LINE('',#2872,#1314);
#1151=LINE('',#2876,#1315);
#1152=LINE('',#2880,#1316);
#1153=LINE('',#2884,#1317);
#1154=LINE('',#2888,#1318);
#1155=LINE('',#2892,#1319);
#1156=LINE('',#2896,#1320);
#1157=LINE('',#2900,#1321);
#1158=LINE('',#2904,#1322);
#1159=LINE('',#2908,#1323);
#1160=LINE('',#2912,#1324);
#1161=LINE('',#2916,#1325);
#1162=LINE('',#2920,#1326);
#1163=LINE('',#2924,#1327);
#1164=LINE('',#2928,#1328);
#1165=LINE('',#2932,#1329);
#1166=LINE('',#2934,#1330);
#1167=LINE('',#2935,#1331);
#1168=LINE('',#2937,#1332);
#1169=LINE('',#2938,#1333);
#1170=LINE('',#2940,#1334);
#1171=LINE('',#2941,#1335);
#1172=LINE('',#2943,#1336);
#1173=LINE('',#2944,#1337);
#1174=LINE('',#2946,#1338);
#1175=LINE('',#2947,#1339);
#1176=LINE('',#2949,#1340);
#1177=LINE('',#2950,#1341);
#1178=LINE('',#2952,#1342);
#1179=LINE('',#2953,#1343);
#1180=LINE('',#2955,#1344);
#1181=LINE('',#2956,#1345);
#1182=LINE('',#2958,#1346);
#1183=LINE('',#2960,#1347);
#1184=LINE('',#2962,#1348);
#1185=LINE('',#2964,#1349);
#1186=LINE('',#2966,#1350);
#1187=LINE('',#2968,#1351);
#1188=LINE('',#2971,#1352);
#1189=LINE('',#2973,#1353);
#1190=LINE('',#2975,#1354);
#1191=LINE('',#2977,#1355);
#1192=LINE('',#2979,#1356);
#1193=LINE('',#2981,#1357);
#1194=LINE('',#2984,#1358);
#1195=LINE('',#2986,#1359);
#1196=LINE('',#2988,#1360);
#1197=LINE('',#2990,#1361);
#1198=LINE('',#2992,#1362);
#1199=LINE('',#2994,#1363);
#1200=LINE('',#2997,#1364);
#1201=LINE('',#2999,#1365);
#1202=LINE('',#3001,#1366);
#1203=LINE('',#3003,#1367);
#1204=LINE('',#3005,#1368);
#1205=LINE('',#3007,#1369);
#1206=LINE('',#3010,#1370);
#1207=LINE('',#3012,#1371);
#1208=LINE('',#3014,#1372);
#1209=LINE('',#3016,#1373);
#1210=LINE('',#3018,#1374);
#1211=LINE('',#3020,#1375);
#1212=LINE('',#3023,#1376);
#1213=LINE('',#3025,#1377);
#1214=LINE('',#3027,#1378);
#1215=LINE('',#3029,#1379);
#1216=LINE('',#3031,#1380);
#1217=LINE('',#3033,#1381);
#1218=LINE('',#3036,#1382);
#1219=LINE('',#3038,#1383);
#1220=LINE('',#3040,#1384);
#1221=LINE('',#3042,#1385);
#1222=LINE('',#3044,#1386);
#1223=LINE('',#3046,#1387);
#1224=LINE('',#3049,#1388);
#1225=LINE('',#3051,#1389);
#1226=LINE('',#3053,#1390);
#1227=LINE('',#3055,#1391);
#1228=LINE('',#3057,#1392);
#1229=LINE('',#3059,#1393);
#1230=LINE('',#3079,#1394);
#1231=LINE('',#3082,#1395);
#1232=LINE('',#3084,#1396);
#1233=LINE('',#3086,#1397);
#1234=LINE('',#3088,#1398);
#1235=LINE('',#3090,#1399);
#1236=LINE('',#3092,#1400);
#1237=LINE('',#3094,#1401);
#1238=LINE('',#3096,#1402);
#1239=LINE('',#3098,#1403);
#1240=LINE('',#3100,#1404);
#1241=LINE('',#3101,#1405);
#1242=VECTOR('',#2063,1.);
#1243=VECTOR('',#2064,1.);
#1244=VECTOR('',#2065,1.);
#1245=VECTOR('',#2066,1.);
#1246=VECTOR('',#2069,1.);
#1247=VECTOR('',#2070,1.);
#1248=VECTOR('',#2071,1.);
#1249=VECTOR('',#2074,1.);
#1250=VECTOR('',#2075,1.);
#1251=VECTOR('',#2076,1.);
#1252=VECTOR('',#2079,1.);
#1253=VECTOR('',#2080,1.);
#1254=VECTOR('',#2081,1.);
#1255=VECTOR('',#2082,1.);
#1256=VECTOR('',#2085,1.);
#1257=VECTOR('',#2086,1.);
#1258=VECTOR('',#2087,1.);
#1259=VECTOR('',#2090,1.);
#1260=VECTOR('',#2091,1.);
#1261=VECTOR('',#2092,1.);
#1262=VECTOR('',#2119,1.);
#1263=VECTOR('',#2120,1.);
#1264=VECTOR('',#2123,1.);
#1265=VECTOR('',#2124,1.);
#1266=VECTOR('',#2139,1.);
#1267=VECTOR('',#2142,1.);
#1268=VECTOR('',#2145,1.);
#1269=VECTOR('',#2148,1.);
#1270=VECTOR('',#2151,1.);
#1271=VECTOR('',#2154,1.);
#1272=VECTOR('',#2157,1.);
#1273=VECTOR('',#2160,1.);
#1274=VECTOR('',#2163,1.);
#1275=VECTOR('',#2166,1.);
#1276=VECTOR('',#2169,1.);
#1277=VECTOR('',#2172,1.);
#1278=VECTOR('',#2175,1.);
#1279=VECTOR('',#2178,1.);
#1280=VECTOR('',#2181,1.);
#1281=VECTOR('',#2184,1.);
#1282=VECTOR('',#2187,1.);
#1283=VECTOR('',#2190,1.);
#1284=VECTOR('',#2193,1.);
#1285=VECTOR('',#2196,1.);
#1286=VECTOR('',#2199,1.);
#1287=VECTOR('',#2202,1.);
#1288=VECTOR('',#2205,1.);
#1289=VECTOR('',#2208,1.);
#1290=VECTOR('',#2211,1.);
#1291=VECTOR('',#2214,1.);
#1292=VECTOR('',#2217,1.);
#1293=VECTOR('',#2220,1.);
#1294=VECTOR('',#2223,1.);
#1295=VECTOR('',#2226,1.);
#1296=VECTOR('',#2229,1.);
#1297=VECTOR('',#2232,1.);
#1298=VECTOR('',#2237,1.);
#1299=VECTOR('',#2240,1.);
#1300=VECTOR('',#2243,1.);
#1301=VECTOR('',#2246,1.);
#1302=VECTOR('',#2249,1.);
#1303=VECTOR('',#2252,1.);
#1304=VECTOR('',#2255,1.);
#1305=VECTOR('',#2258,1.);
#1306=VECTOR('',#2261,1.);
#1307=VECTOR('',#2264,1.);
#1308=VECTOR('',#2267,1.);
#1309=VECTOR('',#2270,1.);
#1310=VECTOR('',#2273,1.);
#1311=VECTOR('',#2276,1.);
#1312=VECTOR('',#2279,1.);
#1313=VECTOR('',#2282,1.);
#1314=VECTOR('',#2285,1.);
#1315=VECTOR('',#2288,1.);
#1316=VECTOR('',#2291,1.);
#1317=VECTOR('',#2294,1.);
#1318=VECTOR('',#2297,1.);
#1319=VECTOR('',#2300,1.);
#1320=VECTOR('',#2303,1.);
#1321=VECTOR('',#2306,1.);
#1322=VECTOR('',#2309,1.);
#1323=VECTOR('',#2312,1.);
#1324=VECTOR('',#2315,1.);
#1325=VECTOR('',#2318,1.);
#1326=VECTOR('',#2321,1.);
#1327=VECTOR('',#2324,1.);
#1328=VECTOR('',#2327,1.);
#1329=VECTOR('',#2330,1.);
#1330=VECTOR('',#2333,1.);
#1331=VECTOR('',#2334,1.);
#1332=VECTOR('',#2337,1.);
#1333=VECTOR('',#2338,1.);
#1334=VECTOR('',#2341,1.);
#1335=VECTOR('',#2342,1.);
#1336=VECTOR('',#2345,1.);
#1337=VECTOR('',#2346,1.);
#1338=VECTOR('',#2349,1.);
#1339=VECTOR('',#2350,1.);
#1340=VECTOR('',#2353,1.);
#1341=VECTOR('',#2354,1.);
#1342=VECTOR('',#2357,1.);
#1343=VECTOR('',#2358,1.);
#1344=VECTOR('',#2361,1.);
#1345=VECTOR('',#2362,1.);
#1346=VECTOR('',#2365,1.);
#1347=VECTOR('',#2368,1.);
#1348=VECTOR('',#2371,1.);
#1349=VECTOR('',#2374,1.);
#1350=VECTOR('',#2377,1.);
#1351=VECTOR('',#2380,1.);
#1352=VECTOR('',#2385,1.);
#1353=VECTOR('',#2388,1.);
#1354=VECTOR('',#2391,1.);
#1355=VECTOR('',#2394,1.);
#1356=VECTOR('',#2397,1.);
#1357=VECTOR('',#2400,1.);
#1358=VECTOR('',#2405,1.);
#1359=VECTOR('',#2408,1.);
#1360=VECTOR('',#2411,1.);
#1361=VECTOR('',#2414,1.);
#1362=VECTOR('',#2417,1.);
#1363=VECTOR('',#2420,1.);
#1364=VECTOR('',#2425,1.);
#1365=VECTOR('',#2428,1.);
#1366=VECTOR('',#2431,1.);
#1367=VECTOR('',#2434,1.);
#1368=VECTOR('',#2437,1.);
#1369=VECTOR('',#2440,1.);
#1370=VECTOR('',#2445,1.);
#1371=VECTOR('',#2448,1.);
#1372=VECTOR('',#2451,1.);
#1373=VECTOR('',#2454,1.);
#1374=VECTOR('',#2457,1.);
#1375=VECTOR('',#2460,1.);
#1376=VECTOR('',#2465,1.);
#1377=VECTOR('',#2468,1.);
#1378=VECTOR('',#2471,1.);
#1379=VECTOR('',#2474,1.);
#1380=VECTOR('',#2477,1.);
#1381=VECTOR('',#2480,1.);
#1382=VECTOR('',#2485,1.);
#1383=VECTOR('',#2488,1.);
#1384=VECTOR('',#2491,1.);
#1385=VECTOR('',#2494,1.);
#1386=VECTOR('',#2497,1.);
#1387=VECTOR('',#2500,1.);
#1388=VECTOR('',#2505,1.);
#1389=VECTOR('',#2508,1.);
#1390=VECTOR('',#2511,1.);
#1391=VECTOR('',#2514,1.);
#1392=VECTOR('',#2517,1.);
#1393=VECTOR('',#2520,1.);
#1394=VECTOR('',#2551,1.);
#1395=VECTOR('',#2552,1.);
#1396=VECTOR('',#2553,1.);
#1397=VECTOR('',#2554,1.);
#1398=VECTOR('',#2557,1.);
#1399=VECTOR('',#2558,1.);
#1400=VECTOR('',#2559,1.);
#1401=VECTOR('',#2562,1.);
#1402=VECTOR('',#2563,1.);
#1403=VECTOR('',#2564,1.);
#1404=VECTOR('',#2567,1.);
#1405=VECTOR('',#2568,1.);
#1406=EDGE_LOOP('',(#146,#147,#148,#149));
#1407=EDGE_LOOP('',(#150,#151,#152,#153));
#1408=EDGE_LOOP('',(#154,#155,#156,#157));
#1409=EDGE_LOOP('',(#158,#159,#160,#161));
#1410=EDGE_LOOP('',(#162,#163,#164,#165));
#1411=EDGE_LOOP('',(#166,#167,#168,#169));
#1412=EDGE_LOOP('',(#170));
#1413=EDGE_LOOP('',(#171));
#1414=EDGE_LOOP('',(#172));
#1415=EDGE_LOOP('',(#173));
#1416=EDGE_LOOP('',(#174));
#1417=EDGE_LOOP('',(#175));
#1418=EDGE_LOOP('',(#176));
#1419=EDGE_LOOP('',(#177));
#1420=EDGE_LOOP('',(#178,#179,#180,#181));
#1421=EDGE_LOOP('',(#182,#183,#184,#185));
#1422=EDGE_LOOP('',(#186));
#1423=EDGE_LOOP('',(#187));
#1424=EDGE_LOOP('',(#188));
#1425=EDGE_LOOP('',(#189));
#1426=EDGE_LOOP('',(#190,#191,#192,#193));
#1427=EDGE_LOOP('',(#194,#195,#196,#197));
#1428=EDGE_LOOP('',(#198,#199,#200,#201));
#1429=EDGE_LOOP('',(#202,#203,#204,#205,#206,#207,#208,#209));
#1430=EDGE_LOOP('',(#210,#211,#212,#213,#214,#215,#216,#217));
#1431=EDGE_LOOP('',(#218,#219,#220,#221,#222,#223,#224,#225));
#1432=EDGE_LOOP('',(#226,#227,#228,#229,#230,#231,#232,#233));
#1433=EDGE_LOOP('',(#234,#235,#236,#237,#238,#239,#240,#241));
#1434=EDGE_LOOP('',(#242,#243,#244,#245,#246,#247,#248,#249));
#1435=EDGE_LOOP('',(#250,#251,#252,#253,#254,#255,#256,#257));
#1436=EDGE_LOOP('',(#258,#259,#260,#261,#262,#263,#264,#265));
#1437=EDGE_LOOP('',(#266));
#1438=EDGE_LOOP('',(#267));
#1439=EDGE_LOOP('',(#268));
#1440=EDGE_LOOP('',(#269));
#1441=EDGE_LOOP('',(#270,#271,#272,#273));
#1442=EDGE_LOOP('',(#274,#275,#276,#277,#278,#279,#280,#281));
#1443=EDGE_LOOP('',(#282,#283,#284,#285,#286,#287,#288,#289));
#1444=EDGE_LOOP('',(#290,#291,#292,#293,#294,#295,#296,#297));
#1445=EDGE_LOOP('',(#298,#299,#300,#301,#302,#303,#304,#305));
#1446=EDGE_LOOP('',(#306,#307,#308,#309,#310,#311,#312,#313));
#1447=EDGE_LOOP('',(#314,#315,#316,#317,#318,#319,#320,#321));
#1448=EDGE_LOOP('',(#322,#323,#324,#325,#326,#327,#328,#329));
#1449=EDGE_LOOP('',(#330,#331,#332,#333,#334,#335,#336,#337));
#1450=EDGE_LOOP('',(#338,#339,#340,#341));
#1451=EDGE_LOOP('',(#342,#343,#344,#345));
#1452=EDGE_LOOP('',(#346,#347,#348,#349));
#1453=EDGE_LOOP('',(#350,#351,#352,#353));
#1454=EDGE_LOOP('',(#354,#355,#356,#357));
#1455=EDGE_LOOP('',(#358,#359,#360,#361));
#1456=EDGE_LOOP('',(#362,#363,#364,#365));
#1457=EDGE_LOOP('',(#366,#367,#368,#369));
#1458=EDGE_LOOP('',(#370,#371,#372,#373));
#1459=EDGE_LOOP('',(#374,#375,#376,#377));
#1460=EDGE_LOOP('',(#378,#379,#380,#381));
#1461=EDGE_LOOP('',(#382,#383,#384,#385));
#1462=EDGE_LOOP('',(#386,#387,#388,#389));
#1463=EDGE_LOOP('',(#390,#391,#392,#393));
#1464=EDGE_LOOP('',(#394,#395,#396,#397));
#1465=EDGE_LOOP('',(#398,#399,#400,#401));
#1466=EDGE_LOOP('',(#402,#403,#404,#405));
#1467=EDGE_LOOP('',(#406,#407,#408,#409));
#1468=EDGE_LOOP('',(#410,#411,#412,#413));
#1469=EDGE_LOOP('',(#414,#415,#416,#417));
#1470=EDGE_LOOP('',(#418,#419,#420,#421));
#1471=EDGE_LOOP('',(#422,#423,#424,#425));
#1472=EDGE_LOOP('',(#426,#427,#428,#429));
#1473=EDGE_LOOP('',(#430,#431,#432,#433));
#1474=EDGE_LOOP('',(#434,#435,#436,#437));
#1475=EDGE_LOOP('',(#438,#439,#440,#441));
#1476=EDGE_LOOP('',(#442,#443,#444,#445));
#1477=EDGE_LOOP('',(#446,#447,#448,#449));
#1478=EDGE_LOOP('',(#450,#451,#452,#453));
#1479=EDGE_LOOP('',(#454,#455,#456,#457));
#1480=EDGE_LOOP('',(#458,#459,#460,#461));
#1481=EDGE_LOOP('',(#462,#463,#464,#465));
#1482=EDGE_LOOP('',(#466,#467,#468,#469));
#1483=EDGE_LOOP('',(#470,#471,#472,#473));
#1484=EDGE_LOOP('',(#474,#475,#476,#477));
#1485=EDGE_LOOP('',(#478,#479,#480,#481));
#1486=EDGE_LOOP('',(#482,#483,#484,#485));
#1487=EDGE_LOOP('',(#486,#487,#488,#489));
#1488=EDGE_LOOP('',(#490,#491,#492,#493));
#1489=EDGE_LOOP('',(#494,#495,#496,#497));
#1490=EDGE_LOOP('',(#498,#499,#500,#501));
#1491=EDGE_LOOP('',(#502,#503,#504,#505));
#1492=EDGE_LOOP('',(#506,#507,#508,#509));
#1493=EDGE_LOOP('',(#510,#511,#512,#513));
#1494=EDGE_LOOP('',(#514,#515,#516,#517));
#1495=EDGE_LOOP('',(#518,#519,#520,#521));
#1496=EDGE_LOOP('',(#522,#523,#524,#525));
#1497=EDGE_LOOP('',(#526,#527,#528,#529));
#1498=EDGE_LOOP('',(#530,#531,#532,#533));
#1499=EDGE_LOOP('',(#534,#535,#536,#537));
#1500=EDGE_LOOP('',(#538,#539,#540,#541));
#1501=EDGE_LOOP('',(#542,#543,#544,#545));
#1502=EDGE_LOOP('',(#546,#547,#548,#549));
#1503=EDGE_LOOP('',(#550,#551,#552,#553));
#1504=EDGE_LOOP('',(#554,#555,#556,#557));
#1505=EDGE_LOOP('',(#558,#559,#560,#561));
#1506=EDGE_LOOP('',(#562,#563,#564,#565));
#1507=EDGE_LOOP('',(#566,#567,#568,#569));
#1508=EDGE_LOOP('',(#570,#571,#572,#573));
#1509=EDGE_LOOP('',(#574,#575,#576,#577));
#1510=EDGE_LOOP('',(#578,#579,#580,#581));
#1511=EDGE_LOOP('',(#582,#583,#584,#585));
#1512=EDGE_LOOP('',(#586,#587,#588,#589));
#1513=EDGE_LOOP('',(#590,#591,#592,#593));
#1514=EDGE_LOOP('',(#594));
#1515=EDGE_LOOP('',(#595));
#1516=EDGE_LOOP('',(#596));
#1517=EDGE_LOOP('',(#597));
#1518=EDGE_LOOP('',(#598));
#1519=EDGE_LOOP('',(#599));
#1520=EDGE_LOOP('',(#600));
#1521=EDGE_LOOP('',(#601));
#1522=EDGE_LOOP('',(#602));
#1523=EDGE_LOOP('',(#603));
#1524=EDGE_LOOP('',(#604));
#1525=EDGE_LOOP('',(#605));
#1526=EDGE_LOOP('',(#606));
#1527=EDGE_LOOP('',(#607));
#1528=EDGE_LOOP('',(#608));
#1529=EDGE_LOOP('',(#609));
#1530=EDGE_LOOP('',(#610,#611,#612,#613));
#1531=EDGE_LOOP('',(#614,#615,#616,#617));
#1532=EDGE_LOOP('',(#618,#619,#620,#621));
#1533=EDGE_LOOP('',(#622,#623,#624,#625));
#1534=EDGE_LOOP('',(#626));
#1535=EDGE_LOOP('',(#627));
#1536=EDGE_LOOP('',(#628));
#1537=EDGE_LOOP('',(#629));
#1538=EDGE_LOOP('',(#630,#631,#632,#633));
#1539=EDGE_LOOP('',(#634));
#1540=EDGE_LOOP('',(#635));
#1541=EDGE_LOOP('',(#636));
#1542=EDGE_LOOP('',(#637));
#1543=EDGE_LOOP('',(#638,#639,#640,#641));
#1544=EDGE_LOOP('',(#642));
#1545=EDGE_LOOP('',(#643));
#1546=EDGE_LOOP('',(#644));
#1547=EDGE_LOOP('',(#645));
#1548=EDGE_LOOP('',(#646));
#1549=EDGE_LOOP('',(#647));
#1550=EDGE_LOOP('',(#648));
#1551=EDGE_LOOP('',(#649));
#1552=FACE_BOUND('',#1406,.T.);
#1553=FACE_BOUND('',#1407,.T.);
#1554=FACE_BOUND('',#1408,.T.);
#1555=FACE_BOUND('',#1409,.T.);
#1556=FACE_BOUND('',#1410,.T.);
#1557=FACE_BOUND('',#1411,.T.);
#1558=FACE_BOUND('',#1412,.T.);
#1559=FACE_BOUND('',#1413,.T.);
#1560=FACE_BOUND('',#1414,.T.);
#1561=FACE_BOUND('',#1415,.T.);
#1562=FACE_BOUND('',#1416,.T.);
#1563=FACE_BOUND('',#1417,.T.);
#1564=FACE_BOUND('',#1418,.T.);
#1565=FACE_BOUND('',#1419,.T.);
#1566=FACE_BOUND('',#1420,.T.);
#1567=FACE_BOUND('',#1421,.T.);
#1568=FACE_BOUND('',#1422,.T.);
#1569=FACE_BOUND('',#1423,.T.);
#1570=FACE_BOUND('',#1424,.T.);
#1571=FACE_BOUND('',#1425,.T.);
#1572=FACE_BOUND('',#1426,.T.);
#1573=FACE_BOUND('',#1427,.T.);
#1574=FACE_BOUND('',#1428,.T.);
#1575=FACE_BOUND('',#1429,.T.);
#1576=FACE_BOUND('',#1430,.T.);
#1577=FACE_BOUND('',#1431,.T.);
#1578=FACE_BOUND('',#1432,.T.);
#1579=FACE_BOUND('',#1433,.T.);
#1580=FACE_BOUND('',#1434,.T.);
#1581=FACE_BOUND('',#1435,.T.);
#1582=FACE_BOUND('',#1436,.T.);
#1583=FACE_BOUND('',#1437,.T.);
#1584=FACE_BOUND('',#1438,.T.);
#1585=FACE_BOUND('',#1439,.T.);
#1586=FACE_BOUND('',#1440,.T.);
#1587=FACE_BOUND('',#1441,.T.);
#1588=FACE_BOUND('',#1442,.T.);
#1589=FACE_BOUND('',#1443,.T.);
#1590=FACE_BOUND('',#1444,.T.);
#1591=FACE_BOUND('',#1445,.T.);
#1592=FACE_BOUND('',#1446,.T.);
#1593=FACE_BOUND('',#1447,.T.);
#1594=FACE_BOUND('',#1448,.T.);
#1595=FACE_BOUND('',#1449,.T.);
#1596=FACE_BOUND('',#1450,.T.);
#1597=FACE_BOUND('',#1451,.T.);
#1598=FACE_BOUND('',#1452,.T.);
#1599=FACE_BOUND('',#1453,.T.);
#1600=FACE_BOUND('',#1454,.T.);
#1601=FACE_BOUND('',#1455,.T.);
#1602=FACE_BOUND('',#1456,.T.);
#1603=FACE_BOUND('',#1457,.T.);
#1604=FACE_BOUND('',#1458,.T.);
#1605=FACE_BOUND('',#1459,.T.);
#1606=FACE_BOUND('',#1460,.T.);
#1607=FACE_BOUND('',#1461,.T.);
#1608=FACE_BOUND('',#1462,.T.);
#1609=FACE_BOUND('',#1463,.T.);
#1610=FACE_BOUND('',#1464,.T.);
#1611=FACE_BOUND('',#1465,.T.);
#1612=FACE_BOUND('',#1466,.T.);
#1613=FACE_BOUND('',#1467,.T.);
#1614=FACE_BOUND('',#1468,.T.);
#1615=FACE_BOUND('',#1469,.T.);
#1616=FACE_BOUND('',#1470,.T.);
#1617=FACE_BOUND('',#1471,.T.);
#1618=FACE_BOUND('',#1472,.T.);
#1619=FACE_BOUND('',#1473,.T.);
#1620=FACE_BOUND('',#1474,.T.);
#1621=FACE_BOUND('',#1475,.T.);
#1622=FACE_BOUND('',#1476,.T.);
#1623=FACE_BOUND('',#1477,.T.);
#1624=FACE_BOUND('',#1478,.T.);
#1625=FACE_BOUND('',#1479,.T.);
#1626=FACE_BOUND('',#1480,.T.);
#1627=FACE_BOUND('',#1481,.T.);
#1628=FACE_BOUND('',#1482,.T.);
#1629=FACE_BOUND('',#1483,.T.);
#1630=FACE_BOUND('',#1484,.T.);
#1631=FACE_BOUND('',#1485,.T.);
#1632=FACE_BOUND('',#1486,.T.);
#1633=FACE_BOUND('',#1487,.T.);
#1634=FACE_BOUND('',#1488,.T.);
#1635=FACE_BOUND('',#1489,.T.);
#1636=FACE_BOUND('',#1490,.T.);
#1637=FACE_BOUND('',#1491,.T.);
#1638=FACE_BOUND('',#1492,.T.);
#1639=FACE_BOUND('',#1493,.T.);
#1640=FACE_BOUND('',#1494,.T.);
#1641=FACE_BOUND('',#1495,.T.);
#1642=FACE_BOUND('',#1496,.T.);
#1643=FACE_BOUND('',#1497,.T.);
#1644=FACE_BOUND('',#1498,.T.);
#1645=FACE_BOUND('',#1499,.T.);
#1646=FACE_BOUND('',#1500,.T.);
#1647=FACE_BOUND('',#1501,.T.);
#1648=FACE_BOUND('',#1502,.T.);
#1649=FACE_BOUND('',#1503,.T.);
#1650=FACE_BOUND('',#1504,.T.);
#1651=FACE_BOUND('',#1505,.T.);
#1652=FACE_BOUND('',#1506,.T.);
#1653=FACE_BOUND('',#1507,.T.);
#1654=FACE_BOUND('',#1508,.T.);
#1655=FACE_BOUND('',#1509,.T.);
#1656=FACE_BOUND('',#1510,.T.);
#1657=FACE_BOUND('',#1511,.T.);
#1658=FACE_BOUND('',#1512,.T.);
#1659=FACE_BOUND('',#1513,.T.);
#1660=FACE_BOUND('',#1514,.T.);
#1661=FACE_BOUND('',#1515,.T.);
#1662=FACE_BOUND('',#1516,.T.);
#1663=FACE_BOUND('',#1517,.T.);
#1664=FACE_BOUND('',#1518,.T.);
#1665=FACE_BOUND('',#1519,.T.);
#1666=FACE_BOUND('',#1520,.T.);
#1667=FACE_BOUND('',#1521,.T.);
#1668=FACE_BOUND('',#1522,.T.);
#1669=FACE_BOUND('',#1523,.T.);
#1670=FACE_BOUND('',#1524,.T.);
#1671=FACE_BOUND('',#1525,.T.);
#1672=FACE_BOUND('',#1526,.T.);
#1673=FACE_BOUND('',#1527,.T.);
#1674=FACE_BOUND('',#1528,.T.);
#1675=FACE_BOUND('',#1529,.T.);
#1676=FACE_BOUND('',#1530,.T.);
#1677=FACE_BOUND('',#1531,.T.);
#1678=FACE_BOUND('',#1532,.T.);
#1679=FACE_BOUND('',#1533,.T.);
#1680=FACE_BOUND('',#1534,.T.);
#1681=FACE_BOUND('',#1535,.T.);
#1682=FACE_BOUND('',#1536,.T.);
#1683=FACE_BOUND('',#1537,.T.);
#1684=FACE_BOUND('',#1538,.T.);
#1685=FACE_BOUND('',#1539,.T.);
#1686=FACE_BOUND('',#1540,.T.);
#1687=FACE_BOUND('',#1541,.T.);
#1688=FACE_BOUND('',#1542,.T.);
#1689=FACE_BOUND('',#1543,.T.);
#1690=FACE_BOUND('',#1544,.T.);
#1691=FACE_BOUND('',#1545,.T.);
#1692=FACE_BOUND('',#1546,.T.);
#1693=FACE_BOUND('',#1547,.T.);
#1694=FACE_BOUND('',#1548,.T.);
#1695=FACE_BOUND('',#1549,.T.);
#1696=FACE_BOUND('',#1550,.T.);
#1697=FACE_BOUND('',#1551,.T.);
#1698=PLANE('',#1873);
#1699=PLANE('',#1874);
#1700=PLANE('',#1875);
#1701=PLANE('',#1876);
#1702=PLANE('',#1877);
#1703=PLANE('',#1878);
#1704=PLANE('',#1891);
#1705=PLANE('',#1892);
#1706=PLANE('',#1893);
#1707=PLANE('',#1898);
#1708=PLANE('',#1931);
#1709=PLANE('',#1964);
#1710=PLANE('',#1965);
#1711=PLANE('',#1966);
#1712=PLANE('',#1967);
#1713=PLANE('',#1968);
#1714=PLANE('',#1969);
#1715=PLANE('',#1970);
#1716=PLANE('',#1971);
#1717=PLANE('',#1973);
#1718=PLANE('',#1975);
#1719=PLANE('',#1977);
#1720=PLANE('',#1980);
#1721=PLANE('',#1982);
#1722=PLANE('',#1984);
#1723=PLANE('',#1987);
#1724=PLANE('',#1989);
#1725=PLANE('',#1991);
#1726=PLANE('',#1994);
#1727=PLANE('',#1996);
#1728=PLANE('',#1998);
#1729=PLANE('',#2001);
#1730=PLANE('',#2003);
#1731=PLANE('',#2005);
#1732=PLANE('',#2008);
#1733=PLANE('',#2010);
#1734=PLANE('',#2012);
#1735=PLANE('',#2015);
#1736=PLANE('',#2017);
#1737=PLANE('',#2019);
#1738=PLANE('',#2022);
#1739=PLANE('',#2024);
#1740=PLANE('',#2026);
#1741=PLANE('',#2030);
#1742=PLANE('',#2033);
#1743=PLANE('',#2036);
#1744=PLANE('',#2039);
#1745=PLANE('',#2041);
#1746=PLANE('',#2042);
#1747=PLANE('',#2043);
#1748=PLANE('',#2044);
#1749=PLANE('',#2045);
#1750=PLANE('',#2050);
#1751=ADVANCED_FACE('',(#1552),#1698,.T.);
#1752=ADVANCED_FACE('',(#1553),#1699,.F.);
#1753=ADVANCED_FACE('',(#1554),#1700,.F.);
#1754=ADVANCED_FACE('',(#1555),#1701,.T.);
#1755=ADVANCED_FACE('',(#1556),#1702,.F.);
#1756=ADVANCED_FACE('',(#1557),#1703,.F.);
#1757=ADVANCED_FACE('',(#1558,#1559),#102,.F.);
#1758=ADVANCED_FACE('',(#1560,#1561),#103,.F.);
#1759=ADVANCED_FACE('',(#1562,#1563),#104,.F.);
#1760=ADVANCED_FACE('',(#1564,#1565),#105,.F.);
#1761=ADVANCED_FACE('',(#1566),#1704,.T.);
#1762=ADVANCED_FACE('',(#1567),#1705,.T.);
#1763=ADVANCED_FACE('',(#1568,#1569,#1570,#1571,#1572,#1573),#1706,.F.);
#1764=ADVANCED_FACE('',(#1574,#1575,#1576,#1577,#1578,#1579,#1580,#1581,
#1582),#1707,.F.);
#1765=ADVANCED_FACE('',(#1583,#1584,#1585,#1586,#1587,#1588,#1589,#1590,
#1591,#1592,#1593,#1594,#1595),#1708,.T.);
#1766=ADVANCED_FACE('',(#1596),#1709,.T.);
#1767=ADVANCED_FACE('',(#1597),#1710,.T.);
#1768=ADVANCED_FACE('',(#1598),#1711,.T.);
#1769=ADVANCED_FACE('',(#1599),#1712,.T.);
#1770=ADVANCED_FACE('',(#1600),#1713,.T.);
#1771=ADVANCED_FACE('',(#1601),#1714,.T.);
#1772=ADVANCED_FACE('',(#1602),#1715,.T.);
#1773=ADVANCED_FACE('',(#1603),#1716,.T.);
#1774=ADVANCED_FACE('',(#1604),#106,.F.);
#1775=ADVANCED_FACE('',(#1605),#1717,.T.);
#1776=ADVANCED_FACE('',(#1606),#107,.F.);
#1777=ADVANCED_FACE('',(#1607),#1718,.F.);
#1778=ADVANCED_FACE('',(#1608),#108,.F.);
#1779=ADVANCED_FACE('',(#1609),#1719,.F.);
#1780=ADVANCED_FACE('',(#1610),#109,.F.);
#1781=ADVANCED_FACE('',(#1611),#110,.F.);
#1782=ADVANCED_FACE('',(#1612),#1720,.T.);
#1783=ADVANCED_FACE('',(#1613),#111,.F.);
#1784=ADVANCED_FACE('',(#1614),#1721,.F.);
#1785=ADVANCED_FACE('',(#1615),#112,.F.);
#1786=ADVANCED_FACE('',(#1616),#1722,.F.);
#1787=ADVANCED_FACE('',(#1617),#113,.F.);
#1788=ADVANCED_FACE('',(#1618),#114,.F.);
#1789=ADVANCED_FACE('',(#1619),#1723,.T.);
#1790=ADVANCED_FACE('',(#1620),#115,.F.);
#1791=ADVANCED_FACE('',(#1621),#1724,.F.);
#1792=ADVANCED_FACE('',(#1622),#116,.F.);
#1793=ADVANCED_FACE('',(#1623),#1725,.F.);
#1794=ADVANCED_FACE('',(#1624),#117,.F.);
#1795=ADVANCED_FACE('',(#1625),#118,.F.);
#1796=ADVANCED_FACE('',(#1626),#1726,.T.);
#1797=ADVANCED_FACE('',(#1627),#119,.F.);
#1798=ADVANCED_FACE('',(#1628),#1727,.F.);
#1799=ADVANCED_FACE('',(#1629),#120,.F.);
#1800=ADVANCED_FACE('',(#1630),#1728,.F.);
#1801=ADVANCED_FACE('',(#1631),#121,.F.);
#1802=ADVANCED_FACE('',(#1632),#122,.F.);
#1803=ADVANCED_FACE('',(#1633),#1729,.T.);
#1804=ADVANCED_FACE('',(#1634),#123,.F.);
#1805=ADVANCED_FACE('',(#1635),#1730,.F.);
#1806=ADVANCED_FACE('',(#1636),#124,.F.);
#1807=ADVANCED_FACE('',(#1637),#1731,.F.);
#1808=ADVANCED_FACE('',(#1638),#125,.F.);
#1809=ADVANCED_FACE('',(#1639),#126,.F.);
#1810=ADVANCED_FACE('',(#1640),#1732,.T.);
#1811=ADVANCED_FACE('',(#1641),#127,.F.);
#1812=ADVANCED_FACE('',(#1642),#1733,.F.);
#1813=ADVANCED_FACE('',(#1643),#128,.F.);
#1814=ADVANCED_FACE('',(#1644),#1734,.F.);
#1815=ADVANCED_FACE('',(#1645),#129,.F.);
#1816=ADVANCED_FACE('',(#1646),#130,.F.);
#1817=ADVANCED_FACE('',(#1647),#1735,.T.);
#1818=ADVANCED_FACE('',(#1648),#131,.F.);
#1819=ADVANCED_FACE('',(#1649),#1736,.F.);
#1820=ADVANCED_FACE('',(#1650),#132,.F.);
#1821=ADVANCED_FACE('',(#1651),#1737,.F.);
#1822=ADVANCED_FACE('',(#1652),#133,.F.);
#1823=ADVANCED_FACE('',(#1653),#134,.F.);
#1824=ADVANCED_FACE('',(#1654),#1738,.T.);
#1825=ADVANCED_FACE('',(#1655),#135,.F.);
#1826=ADVANCED_FACE('',(#1656),#1739,.F.);
#1827=ADVANCED_FACE('',(#1657),#136,.F.);
#1828=ADVANCED_FACE('',(#1658),#1740,.F.);
#1829=ADVANCED_FACE('',(#1659),#137,.F.);
#1830=ADVANCED_FACE('',(#1660,#1661),#138,.F.);
#1831=ADVANCED_FACE('',(#1662,#1663),#1741,.F.);
#1832=ADVANCED_FACE('',(#1664,#1665),#139,.F.);
#1833=ADVANCED_FACE('',(#1666,#1667),#1742,.F.);
#1834=ADVANCED_FACE('',(#1668,#1669),#140,.F.);
#1835=ADVANCED_FACE('',(#1670,#1671),#1743,.F.);
#1836=ADVANCED_FACE('',(#1672,#1673),#141,.F.);
#1837=ADVANCED_FACE('',(#1674,#1675),#1744,.F.);
#1838=ADVANCED_FACE('',(#1676),#1745,.T.);
#1839=ADVANCED_FACE('',(#1677),#1746,.F.);
#1840=ADVANCED_FACE('',(#1678),#1747,.F.);
#1841=ADVANCED_FACE('',(#1679),#1748,.T.);
#1842=ADVANCED_FACE('',(#1680,#1681,#1682,#1683,#1684),#1749,.T.);
#1843=ADVANCED_FACE('',(#1685,#1686,#1687,#1688,#1689),#1750,.F.);
#1844=ADVANCED_FACE('',(#1690,#1691),#142,.F.);
#1845=ADVANCED_FACE('',(#1692,#1693),#143,.F.);
#1846=ADVANCED_FACE('',(#1694,#1695),#144,.F.);
#1847=ADVANCED_FACE('',(#1696,#1697),#145,.F.);
#1848=CLOSED_SHELL('',(#1751,#1752,#1753,#1754,#1755,#1756,#1757,#1758,
#1759,#1760,#1761,#1762,#1763,#1764,#1765,#1766,#1767,#1768,#1769,#1770,
#1771,#1772,#1773,#1774,#1775,#1776,#1777,#1778,#1779,#1780,#1781,#1782,
#1783,#1784,#1785,#1786,#1787,#1788,#1789,#1790,#1791,#1792,#1793,#1794,
#1795,#1796,#1797,#1798,#1799,#1800,#1801,#1802,#1803,#1804,#1805,#1806,
#1807,#1808,#1809,#1810,#1811,#1812,#1813,#1814,#1815,#1816,#1817,#1818,
#1819,#1820,#1821,#1822,#1823,#1824,#1825,#1826,#1827,#1828,#1829,#1830,
#1831,#1832,#1833,#1834,#1835,#1836,#1837));
#1849=CLOSED_SHELL('',(#1838,#1839,#1840,#1841,#1842,#1843,#1844,#1845,
#1846,#1847));
#1850=STYLED_ITEM('',(#1852),#1866);
#1851=STYLED_ITEM('',(#1853),#1867);
#1852=PRESENTATION_STYLE_ASSIGNMENT((#1854));
#1853=PRESENTATION_STYLE_ASSIGNMENT((#1855));
#1854=SURFACE_STYLE_USAGE(.BOTH.,#1856);
#1855=SURFACE_STYLE_USAGE(.BOTH.,#1857);
#1856=SURFACE_SIDE_STYLE('',(#1858));
#1857=SURFACE_SIDE_STYLE('',(#1859));
#1858=SURFACE_STYLE_FILL_AREA(#1860);
#1859=SURFACE_STYLE_FILL_AREA(#1861);
#1860=FILL_AREA_STYLE('',(#1862));
#1861=FILL_AREA_STYLE('',(#1863));
#1862=FILL_AREA_STYLE_COLOUR('',#1864);
#1863=FILL_AREA_STYLE_COLOUR('',#1865);
#1864=COLOUR_RGB('',0.647058823529412,0.647058823529412,0.647058823529412);
#1865=COLOUR_RGB('',0.615686274509804,0.811764705882353,0.929411764705882);
#1866=MANIFOLD_SOLID_BREP('Part 2',#1848);
#1867=MANIFOLD_SOLID_BREP('Part 1',#1849);
#1868=SHAPE_DEFINITION_REPRESENTATION(#3136,#1870);
#1869=SHAPE_DEFINITION_REPRESENTATION(#3137,#1871);
#1870=SHAPE_REPRESENTATION('Part 2',(#1872),#3126);
#1871=SHAPE_REPRESENTATION('Part 1',(#2040),#3127);
#1872=AXIS2_PLACEMENT_3D('',#2597,#2059,#2060);
#1873=AXIS2_PLACEMENT_3D('',#2598,#2061,#2062);
#1874=AXIS2_PLACEMENT_3D('',#2607,#2067,#2068);
#1875=AXIS2_PLACEMENT_3D('',#2613,#2072,#2073);
#1876=AXIS2_PLACEMENT_3D('',#2619,#2077,#2078);
#1877=AXIS2_PLACEMENT_3D('',#2628,#2083,#2084);
#1878=AXIS2_PLACEMENT_3D('',#2634,#2088,#2089);
#1879=AXIS2_PLACEMENT_3D('',#2640,#2093,#2094);
#1880=AXIS2_PLACEMENT_3D('',#2641,#2095,#2096);
#1881=AXIS2_PLACEMENT_3D('',#2643,#2097,#2098);
#1882=AXIS2_PLACEMENT_3D('',#2645,#2099,#2100);
#1883=AXIS2_PLACEMENT_3D('',#2646,#2101,#2102);
#1884=AXIS2_PLACEMENT_3D('',#2648,#2103,#2104);
#1885=AXIS2_PLACEMENT_3D('',#2650,#2105,#2106);
#1886=AXIS2_PLACEMENT_3D('',#2651,#2107,#2108);
#1887=AXIS2_PLACEMENT_3D('',#2653,#2109,#2110);
#1888=AXIS2_PLACEMENT_3D('',#2655,#2111,#2112);
#1889=AXIS2_PLACEMENT_3D('',#2656,#2113,#2114);
#1890=AXIS2_PLACEMENT_3D('',#2658,#2115,#2116);
#1891=AXIS2_PLACEMENT_3D('',#2660,#2117,#2118);
#1892=AXIS2_PLACEMENT_3D('',#2663,#2121,#2122);
#1893=AXIS2_PLACEMENT_3D('',#2666,#2125,#2126);
#1894=AXIS2_PLACEMENT_3D('',#2667,#2127,#2128);
#1895=AXIS2_PLACEMENT_3D('',#2669,#2129,#2130);
#1896=AXIS2_PLACEMENT_3D('',#2671,#2131,#2132);
#1897=AXIS2_PLACEMENT_3D('',#2673,#2133,#2134);
#1898=AXIS2_PLACEMENT_3D('',#2675,#2135,#2136);
#1899=AXIS2_PLACEMENT_3D('',#2676,#2137,#2138);
#1900=AXIS2_PLACEMENT_3D('',#2681,#2140,#2141);
#1901=AXIS2_PLACEMENT_3D('',#2685,#2143,#2144);
#1902=AXIS2_PLACEMENT_3D('',#2689,#2146,#2147);
#1903=AXIS2_PLACEMENT_3D('',#2692,#2149,#2150);
#1904=AXIS2_PLACEMENT_3D('',#2697,#2152,#2153);
#1905=AXIS2_PLACEMENT_3D('',#2701,#2155,#2156);
#1906=AXIS2_PLACEMENT_3D('',#2705,#2158,#2159);
#1907=AXIS2_PLACEMENT_3D('',#2708,#2161,#2162);
#1908=AXIS2_PLACEMENT_3D('',#2713,#2164,#2165);
#1909=AXIS2_PLACEMENT_3D('',#2717,#2167,#2168);
#1910=AXIS2_PLACEMENT_3D('',#2721,#2170,#2171);
#1911=AXIS2_PLACEMENT_3D('',#2724,#2173,#2174);
#1912=AXIS2_PLACEMENT_3D('',#2729,#2176,#2177);
#1913=AXIS2_PLACEMENT_3D('',#2733,#2179,#2180);
#1914=AXIS2_PLACEMENT_3D('',#2737,#2182,#2183);
#1915=AXIS2_PLACEMENT_3D('',#2740,#2185,#2186);
#1916=AXIS2_PLACEMENT_3D('',#2745,#2188,#2189);
#1917=AXIS2_PLACEMENT_3D('',#2749,#2191,#2192);
#1918=AXIS2_PLACEMENT_3D('',#2753,#2194,#2195);
#1919=AXIS2_PLACEMENT_3D('',#2756,#2197,#2198);
#1920=AXIS2_PLACEMENT_3D('',#2761,#2200,#2201);
#1921=AXIS2_PLACEMENT_3D('',#2765,#2203,#2204);
#1922=AXIS2_PLACEMENT_3D('',#2769,#2206,#2207);
#1923=AXIS2_PLACEMENT_3D('',#2772,#2209,#2210);
#1924=AXIS2_PLACEMENT_3D('',#2777,#2212,#2213);
#1925=AXIS2_PLACEMENT_3D('',#2781,#2215,#2216);
#1926=AXIS2_PLACEMENT_3D('',#2785,#2218,#2219);
#1927=AXIS2_PLACEMENT_3D('',#2788,#2221,#2222);
#1928=AXIS2_PLACEMENT_3D('',#2793,#2224,#2225);
#1929=AXIS2_PLACEMENT_3D('',#2797,#2227,#2228);
#1930=AXIS2_PLACEMENT_3D('',#2801,#2230,#2231);
#1931=AXIS2_PLACEMENT_3D('',#2804,#2233,#2234);
#1932=AXIS2_PLACEMENT_3D('',#2805,#2235,#2236);
#1933=AXIS2_PLACEMENT_3D('',#2810,#2238,#2239);
#1934=AXIS2_PLACEMENT_3D('',#2814,#2241,#2242);
#1935=AXIS2_PLACEMENT_3D('',#2818,#2244,#2245);
#1936=AXIS2_PLACEMENT_3D('',#2821,#2247,#2248);
#1937=AXIS2_PLACEMENT_3D('',#2826,#2250,#2251);
#1938=AXIS2_PLACEMENT_3D('',#2830,#2253,#2254);
#1939=AXIS2_PLACEMENT_3D('',#2834,#2256,#2257);
#1940=AXIS2_PLACEMENT_3D('',#2837,#2259,#2260);
#1941=AXIS2_PLACEMENT_3D('',#2842,#2262,#2263);
#1942=AXIS2_PLACEMENT_3D('',#2846,#2265,#2266);
#1943=AXIS2_PLACEMENT_3D('',#2850,#2268,#2269);
#1944=AXIS2_PLACEMENT_3D('',#2853,#2271,#2272);
#1945=AXIS2_PLACEMENT_3D('',#2858,#2274,#2275);
#1946=AXIS2_PLACEMENT_3D('',#2862,#2277,#2278);
#1947=AXIS2_PLACEMENT_3D('',#2866,#2280,#2281);
#1948=AXIS2_PLACEMENT_3D('',#2869,#2283,#2284);
#1949=AXIS2_PLACEMENT_3D('',#2874,#2286,#2287);
#1950=AXIS2_PLACEMENT_3D('',#2878,#2289,#2290);
#1951=AXIS2_PLACEMENT_3D('',#2882,#2292,#2293);
#1952=AXIS2_PLACEMENT_3D('',#2885,#2295,#2296);
#1953=AXIS2_PLACEMENT_3D('',#2890,#2298,#2299);
#1954=AXIS2_PLACEMENT_3D('',#2894,#2301,#2302);
#1955=AXIS2_PLACEMENT_3D('',#2898,#2304,#2305);
#1956=AXIS2_PLACEMENT_3D('',#2901,#2307,#2308);
#1957=AXIS2_PLACEMENT_3D('',#2906,#2310,#2311);
#1958=AXIS2_PLACEMENT_3D('',#2910,#2313,#2314);
#1959=AXIS2_PLACEMENT_3D('',#2914,#2316,#2317);
#1960=AXIS2_PLACEMENT_3D('',#2917,#2319,#2320);
#1961=AXIS2_PLACEMENT_3D('',#2922,#2322,#2323);
#1962=AXIS2_PLACEMENT_3D('',#2926,#2325,#2326);
#1963=AXIS2_PLACEMENT_3D('',#2930,#2328,#2329);
#1964=AXIS2_PLACEMENT_3D('',#2933,#2331,#2332);
#1965=AXIS2_PLACEMENT_3D('',#2936,#2335,#2336);
#1966=AXIS2_PLACEMENT_3D('',#2939,#2339,#2340);
#1967=AXIS2_PLACEMENT_3D('',#2942,#2343,#2344);
#1968=AXIS2_PLACEMENT_3D('',#2945,#2347,#2348);
#1969=AXIS2_PLACEMENT_3D('',#2948,#2351,#2352);
#1970=AXIS2_PLACEMENT_3D('',#2951,#2355,#2356);
#1971=AXIS2_PLACEMENT_3D('',#2954,#2359,#2360);
#1972=AXIS2_PLACEMENT_3D('',#2957,#2363,#2364);
#1973=AXIS2_PLACEMENT_3D('',#2959,#2366,#2367);
#1974=AXIS2_PLACEMENT_3D('',#2961,#2369,#2370);
#1975=AXIS2_PLACEMENT_3D('',#2963,#2372,#2373);
#1976=AXIS2_PLACEMENT_3D('',#2965,#2375,#2376);
#1977=AXIS2_PLACEMENT_3D('',#2967,#2378,#2379);
#1978=AXIS2_PLACEMENT_3D('',#2969,#2381,#2382);
#1979=AXIS2_PLACEMENT_3D('',#2970,#2383,#2384);
#1980=AXIS2_PLACEMENT_3D('',#2972,#2386,#2387);
#1981=AXIS2_PLACEMENT_3D('',#2974,#2389,#2390);
#1982=AXIS2_PLACEMENT_3D('',#2976,#2392,#2393);
#1983=AXIS2_PLACEMENT_3D('',#2978,#2395,#2396);
#1984=AXIS2_PLACEMENT_3D('',#2980,#2398,#2399);
#1985=AXIS2_PLACEMENT_3D('',#2982,#2401,#2402);
#1986=AXIS2_PLACEMENT_3D('',#2983,#2403,#2404);
#1987=AXIS2_PLACEMENT_3D('',#2985,#2406,#2407);
#1988=AXIS2_PLACEMENT_3D('',#2987,#2409,#2410);
#1989=AXIS2_PLACEMENT_3D('',#2989,#2412,#2413);
#1990=AXIS2_PLACEMENT_3D('',#2991,#2415,#2416);
#1991=AXIS2_PLACEMENT_3D('',#2993,#2418,#2419);
#1992=AXIS2_PLACEMENT_3D('',#2995,#2421,#2422);
#1993=AXIS2_PLACEMENT_3D('',#2996,#2423,#2424);
#1994=AXIS2_PLACEMENT_3D('',#2998,#2426,#2427);
#1995=AXIS2_PLACEMENT_3D('',#3000,#2429,#2430);
#1996=AXIS2_PLACEMENT_3D('',#3002,#2432,#2433);
#1997=AXIS2_PLACEMENT_3D('',#3004,#2435,#2436);
#1998=AXIS2_PLACEMENT_3D('',#3006,#2438,#2439);
#1999=AXIS2_PLACEMENT_3D('',#3008,#2441,#2442);
#2000=AXIS2_PLACEMENT_3D('',#3009,#2443,#2444);
#2001=AXIS2_PLACEMENT_3D('',#3011,#2446,#2447);
#2002=AXIS2_PLACEMENT_3D('',#3013,#2449,#2450);
#2003=AXIS2_PLACEMENT_3D('',#3015,#2452,#2453);
#2004=AXIS2_PLACEMENT_3D('',#3017,#2455,#2456);
#2005=AXIS2_PLACEMENT_3D('',#3019,#2458,#2459);
#2006=AXIS2_PLACEMENT_3D('',#3021,#2461,#2462);
#2007=AXIS2_PLACEMENT_3D('',#3022,#2463,#2464);
#2008=AXIS2_PLACEMENT_3D('',#3024,#2466,#2467);
#2009=AXIS2_PLACEMENT_3D('',#3026,#2469,#2470);
#2010=AXIS2_PLACEMENT_3D('',#3028,#2472,#2473);
#2011=AXIS2_PLACEMENT_3D('',#3030,#2475,#2476);
#2012=AXIS2_PLACEMENT_3D('',#3032,#2478,#2479);
#2013=AXIS2_PLACEMENT_3D('',#3034,#2481,#2482);
#2014=AXIS2_PLACEMENT_3D('',#3035,#2483,#2484);
#2015=AXIS2_PLACEMENT_3D('',#3037,#2486,#2487);
#2016=AXIS2_PLACEMENT_3D('',#3039,#2489,#2490);
#2017=AXIS2_PLACEMENT_3D('',#3041,#2492,#2493);
#2018=AXIS2_PLACEMENT_3D('',#3043,#2495,#2496);
#2019=AXIS2_PLACEMENT_3D('',#3045,#2498,#2499);
#2020=AXIS2_PLACEMENT_3D('',#3047,#2501,#2502);
#2021=AXIS2_PLACEMENT_3D('',#3048,#2503,#2504);
#2022=AXIS2_PLACEMENT_3D('',#3050,#2506,#2507);
#2023=AXIS2_PLACEMENT_3D('',#3052,#2509,#2510);
#2024=AXIS2_PLACEMENT_3D('',#3054,#2512,#2513);
#2025=AXIS2_PLACEMENT_3D('',#3056,#2515,#2516);
#2026=AXIS2_PLACEMENT_3D('',#3058,#2518,#2519);
#2027=AXIS2_PLACEMENT_3D('',#3060,#2521,#2522);
#2028=AXIS2_PLACEMENT_3D('',#3061,#2523,#2524);
#2029=AXIS2_PLACEMENT_3D('',#3062,#2525,#2526);
#2030=AXIS2_PLACEMENT_3D('',#3064,#2527,#2528);
#2031=AXIS2_PLACEMENT_3D('',#3065,#2529,#2530);
#2032=AXIS2_PLACEMENT_3D('',#3066,#2531,#2532);
#2033=AXIS2_PLACEMENT_3D('',#3068,#2533,#2534);
#2034=AXIS2_PLACEMENT_3D('',#3069,#2535,#2536);
#2035=AXIS2_PLACEMENT_3D('',#3070,#2537,#2538);
#2036=AXIS2_PLACEMENT_3D('',#3072,#2539,#2540);
#2037=AXIS2_PLACEMENT_3D('',#3073,#2541,#2542);
#2038=AXIS2_PLACEMENT_3D('',#3074,#2543,#2544);
#2039=AXIS2_PLACEMENT_3D('',#3076,#2545,#2546);
#2040=AXIS2_PLACEMENT_3D('',#3077,#2547,#2548);
#2041=AXIS2_PLACEMENT_3D('',#3078,#2549,#2550);
#2042=AXIS2_PLACEMENT_3D('',#3087,#2555,#2556);
#2043=AXIS2_PLACEMENT_3D('',#3093,#2560,#2561);
#2044=AXIS2_PLACEMENT_3D('',#3099,#2565,#2566);
#2045=AXIS2_PLACEMENT_3D('',#3102,#2569,#2570);
#2046=AXIS2_PLACEMENT_3D('',#3103,#2571,#2572);
#2047=AXIS2_PLACEMENT_3D('',#3105,#2573,#2574);
#2048=AXIS2_PLACEMENT_3D('',#3107,#2575,#2576);
#2049=AXIS2_PLACEMENT_3D('',#3109,#2577,#2578);
#2050=AXIS2_PLACEMENT_3D('',#3111,#2579,#2580);
#2051=AXIS2_PLACEMENT_3D('',#3112,#2581,#2582);
#2052=AXIS2_PLACEMENT_3D('',#3114,#2583,#2584);
#2053=AXIS2_PLACEMENT_3D('',#3116,#2585,#2586);
#2054=AXIS2_PLACEMENT_3D('',#3118,#2587,#2588);
#2055=AXIS2_PLACEMENT_3D('',#3120,#2589,#2590);
#2056=AXIS2_PLACEMENT_3D('',#3121,#2591,#2592);
#2057=AXIS2_PLACEMENT_3D('',#3122,#2593,#2594);
#2058=AXIS2_PLACEMENT_3D('',#3123,#2595,#2596);
#2059=DIRECTION('',(0.,0.,1.));
#2060=DIRECTION('',(1.,0.,0.));
#2061=DIRECTION('',(1.79880593750025E-16,-1.,0.));
#2062=DIRECTION('',(1.,1.79880593750025E-16,0.));
#2063=DIRECTION('',(-1.,-1.79880593750025E-16,0.));
#2064=DIRECTION('',(0.,0.,-1.));
#2065=DIRECTION('',(-1.,-1.79880593750025E-16,0.));
#2066=DIRECTION('',(0.,0.,-1.));
#2067=DIRECTION('',(-1.,-1.79880593750025E-16,0.));
#2068=DIRECTION('',(1.79880593750025E-16,-1.,0.));
#2069=DIRECTION('',(-1.79880593750025E-16,1.,0.));
#2070=DIRECTION('',(0.,0.,-1.));
#2071=DIRECTION('',(-1.79880593750025E-16,1.,0.));
#2072=DIRECTION('',(1.79880593750025E-16,-1.,0.));
#2073=DIRECTION('',(1.,1.79880593750025E-16,0.));
#2074=DIRECTION('',(-1.,-1.79880593750025E-16,0.));
#2075=DIRECTION('',(0.,0.,-1.));
#2076=DIRECTION('',(-1.,-1.79880593750025E-16,0.));
#2077=DIRECTION('',(-1.,-2.42830932770157E-16,0.));
#2078=DIRECTION('',(2.42830932770157E-16,-1.,0.));
#2079=DIRECTION('',(-2.42830932770157E-16,1.,0.));
#2080=DIRECTION('',(0.,0.,-1.));
#2081=DIRECTION('',(-2.42830932770157E-16,1.,0.));
#2082=DIRECTION('',(0.,0.,-1.));
#2083=DIRECTION('',(1.82123199577617E-16,-1.,0.));
#2084=DIRECTION('',(1.,1.82123199577617E-16,0.));
#2085=DIRECTION('',(-1.,-1.82123199577617E-16,0.));
#2086=DIRECTION('',(0.,0.,-1.));
#2087=DIRECTION('',(-1.,-1.82123199577617E-16,0.));
#2088=DIRECTION('',(-1.,-2.42830932770157E-16,0.));
#2089=DIRECTION('',(2.42830932770157E-16,-1.,0.));
#2090=DIRECTION('',(-2.42830932770157E-16,1.,0.));
#2091=DIRECTION('',(0.,0.,-1.));
#2092=DIRECTION('',(-2.42830932770157E-16,1.,0.));
#2093=DIRECTION('',(0.,0.,-1.));
#2094=DIRECTION('',(-1.,0.,0.));
#2095=DIRECTION('',(0.,0.,1.));
#2096=DIRECTION('',(1.,0.,0.));
#2097=DIRECTION('',(0.,0.,1.));
#2098=DIRECTION('',(1.,0.,0.));
#2099=DIRECTION('',(0.,0.,-1.));
#2100=DIRECTION('',(-1.,0.,0.));
#2101=DIRECTION('',(0.,0.,1.));
#2102=DIRECTION('',(1.,0.,0.));
#2103=DIRECTION('',(0.,0.,1.));
#2104=DIRECTION('',(1.,0.,0.));
#2105=DIRECTION('',(0.,0.,-1.));
#2106=DIRECTION('',(-1.,0.,0.));
#2107=DIRECTION('',(0.,0.,1.));
#2108=DIRECTION('',(1.,0.,0.));
#2109=DIRECTION('',(0.,0.,1.));
#2110=DIRECTION('',(1.,0.,0.));
#2111=DIRECTION('',(0.,0.,-1.));
#2112=DIRECTION('',(-1.,0.,0.));
#2113=DIRECTION('',(0.,0.,1.));
#2114=DIRECTION('',(1.,0.,0.));
#2115=DIRECTION('',(0.,0.,1.));
#2116=DIRECTION('',(1.,0.,0.));
#2117=DIRECTION('',(1.21415466385078E-16,-1.,0.));
#2118=DIRECTION('',(1.,1.21415466385078E-16,0.));
#2119=DIRECTION('',(-1.,-1.21415466385078E-16,0.));
#2120=DIRECTION('',(-1.,-1.21415466385078E-16,0.));
#2121=DIRECTION('',(-1.,-1.79880593750025E-16,0.));
#2122=DIRECTION('',(1.79880593750025E-16,-1.,0.));
#2123=DIRECTION('',(-1.79880593750025E-16,1.,0.));
#2124=DIRECTION('',(-1.79880593750025E-16,1.,0.));
#2125=DIRECTION('',(0.,0.,1.));
#2126=DIRECTION('',(1.,0.,0.));
#2127=DIRECTION('',(0.,0.,1.));
#2128=DIRECTION('',(1.,0.,0.));
#2129=DIRECTION('',(0.,0.,1.));
#2130=DIRECTION('',(1.,0.,0.));
#2131=DIRECTION('',(0.,0.,1.));
#2132=DIRECTION('',(1.,0.,0.));
#2133=DIRECTION('',(0.,0.,1.));
#2134=DIRECTION('',(1.,0.,0.));
#2135=DIRECTION('',(0.,0.,1.));
#2136=DIRECTION('',(1.,0.,0.));
#2137=DIRECTION('',(0.,0.,1.));
#2138=DIRECTION('',(1.,0.,0.));
#2139=DIRECTION('',(0.,-1.,0.));
#2140=DIRECTION('',(0.,0.,1.));
#2141=DIRECTION('',(1.,0.,0.));
#2142=DIRECTION('',(1.,0.,0.));
#2143=DIRECTION('',(0.,0.,1.));
#2144=DIRECTION('',(1.,0.,0.));
#2145=DIRECTION('',(0.,-1.,0.));
#2146=DIRECTION('',(0.,0.,1.));
#2147=DIRECTION('',(1.,0.,0.));
#2148=DIRECTION('',(1.,0.,0.));
#2149=DIRECTION('',(0.,0.,1.));
#2150=DIRECTION('',(1.,0.,0.));
#2151=DIRECTION('',(0.,-1.,0.));
#2152=DIRECTION('',(0.,0.,1.));
#2153=DIRECTION('',(1.,0.,0.));
#2154=DIRECTION('',(1.,0.,0.));
#2155=DIRECTION('',(0.,0.,1.));
#2156=DIRECTION('',(1.,0.,0.));
#2157=DIRECTION('',(0.,-1.,0.));
#2158=DIRECTION('',(0.,0.,1.));
#2159=DIRECTION('',(1.,0.,0.));
#2160=DIRECTION('',(1.,0.,0.));
#2161=DIRECTION('',(0.,0.,1.));
#2162=DIRECTION('',(1.,0.,0.));
#2163=DIRECTION('',(0.,-1.,0.));
#2164=DIRECTION('',(0.,0.,1.));
#2165=DIRECTION('',(1.,0.,0.));
#2166=DIRECTION('',(1.,0.,0.));
#2167=DIRECTION('',(0.,0.,1.));
#2168=DIRECTION('',(1.,0.,0.));
#2169=DIRECTION('',(0.,-1.,0.));
#2170=DIRECTION('',(0.,0.,1.));
#2171=DIRECTION('',(1.,0.,0.));
#2172=DIRECTION('',(1.,0.,0.));
#2173=DIRECTION('',(0.,0.,1.));
#2174=DIRECTION('',(1.,0.,0.));
#2175=DIRECTION('',(0.,-1.,0.));
#2176=DIRECTION('',(0.,0.,1.));
#2177=DIRECTION('',(1.,0.,0.));
#2178=DIRECTION('',(1.,0.,0.));
#2179=DIRECTION('',(0.,0.,1.));
#2180=DIRECTION('',(1.,0.,0.));
#2181=DIRECTION('',(0.,-1.,0.));
#2182=DIRECTION('',(0.,0.,1.));
#2183=DIRECTION('',(1.,0.,0.));
#2184=DIRECTION('',(1.,0.,0.));
#2185=DIRECTION('',(0.,0.,1.));
#2186=DIRECTION('',(1.,0.,0.));
#2187=DIRECTION('',(0.,-1.,0.));
#2188=DIRECTION('',(0.,0.,1.));
#2189=DIRECTION('',(1.,0.,0.));
#2190=DIRECTION('',(1.,0.,0.));
#2191=DIRECTION('',(0.,0.,1.));
#2192=DIRECTION('',(1.,0.,0.));
#2193=DIRECTION('',(0.,-1.,0.));
#2194=DIRECTION('',(0.,0.,1.));
#2195=DIRECTION('',(1.,0.,0.));
#2196=DIRECTION('',(1.,0.,0.));
#2197=DIRECTION('',(0.,0.,1.));
#2198=DIRECTION('',(1.,0.,0.));
#2199=DIRECTION('',(0.,-1.,0.));
#2200=DIRECTION('',(0.,0.,1.));
#2201=DIRECTION('',(1.,0.,0.));
#2202=DIRECTION('',(1.,0.,0.));
#2203=DIRECTION('',(0.,0.,1.));
#2204=DIRECTION('',(1.,0.,0.));
#2205=DIRECTION('',(0.,-1.,0.));
#2206=DIRECTION('',(0.,0.,1.));
#2207=DIRECTION('',(1.,0.,0.));
#2208=DIRECTION('',(1.,0.,0.));
#2209=DIRECTION('',(0.,0.,1.));
#2210=DIRECTION('',(1.,0.,0.));
#2211=DIRECTION('',(0.,-1.,0.));
#2212=DIRECTION('',(0.,0.,1.));
#2213=DIRECTION('',(1.,0.,0.));
#2214=DIRECTION('',(1.,0.,0.));
#2215=DIRECTION('',(0.,0.,1.));
#2216=DIRECTION('',(1.,0.,0.));
#2217=DIRECTION('',(0.,-1.,0.));
#2218=DIRECTION('',(0.,0.,1.));
#2219=DIRECTION('',(1.,0.,0.));
#2220=DIRECTION('',(1.,0.,0.));
#2221=DIRECTION('',(0.,0.,1.));
#2222=DIRECTION('',(1.,0.,0.));
#2223=DIRECTION('',(0.,-1.,0.));
#2224=DIRECTION('',(0.,0.,1.));
#2225=DIRECTION('',(1.,0.,0.));
#2226=DIRECTION('',(1.,0.,0.));
#2227=DIRECTION('',(0.,0.,1.));
#2228=DIRECTION('',(1.,0.,0.));
#2229=DIRECTION('',(0.,-1.,0.));
#2230=DIRECTION('',(0.,0.,1.));
#2231=DIRECTION('',(1.,0.,0.));
#2232=DIRECTION('',(1.,0.,0.));
#2233=DIRECTION('',(0.,0.,1.));
#2234=DIRECTION('',(1.,0.,0.));
#2235=DIRECTION('',(0.,0.,1.));
#2236=DIRECTION('',(1.,0.,0.));
#2237=DIRECTION('',(1.,0.,0.));
#2238=DIRECTION('',(0.,0.,1.));
#2239=DIRECTION('',(1.,0.,0.));
#2240=DIRECTION('',(0.,-1.,0.));
#2241=DIRECTION('',(0.,0.,1.));
#2242=DIRECTION('',(1.,0.,0.));
#2243=DIRECTION('',(1.,0.,0.));
#2244=DIRECTION('',(0.,0.,1.));
#2245=DIRECTION('',(1.,0.,0.));
#2246=DIRECTION('',(0.,-1.,0.));
#2247=DIRECTION('',(0.,0.,1.));
#2248=DIRECTION('',(1.,0.,0.));
#2249=DIRECTION('',(1.,0.,0.));
#2250=DIRECTION('',(0.,0.,1.));
#2251=DIRECTION('',(1.,0.,0.));
#2252=DIRECTION('',(0.,-1.,0.));
#2253=DIRECTION('',(0.,0.,1.));
#2254=DIRECTION('',(1.,0.,0.));
#2255=DIRECTION('',(1.,0.,0.));
#2256=DIRECTION('',(0.,0.,1.));
#2257=DIRECTION('',(1.,0.,0.));
#2258=DIRECTION('',(0.,-1.,0.));
#2259=DIRECTION('',(0.,0.,1.));
#2260=DIRECTION('',(1.,0.,0.));
#2261=DIRECTION('',(1.,0.,0.));
#2262=DIRECTION('',(0.,0.,1.));
#2263=DIRECTION('',(1.,0.,0.));
#2264=DIRECTION('',(0.,-1.,0.));
#2265=DIRECTION('',(0.,0.,1.));
#2266=DIRECTION('',(1.,0.,0.));
#2267=DIRECTION('',(1.,0.,0.));
#2268=DIRECTION('',(0.,0.,1.));
#2269=DIRECTION('',(1.,0.,0.));
#2270=DIRECTION('',(0.,-1.,0.));
#2271=DIRECTION('',(0.,0.,1.));
#2272=DIRECTION('',(1.,0.,0.));
#2273=DIRECTION('',(1.,0.,0.));
#2274=DIRECTION('',(0.,0.,1.));
#2275=DIRECTION('',(1.,0.,0.));
#2276=DIRECTION('',(0.,-1.,0.));
#2277=DIRECTION('',(0.,0.,1.));
#2278=DIRECTION('',(1.,0.,0.));
#2279=DIRECTION('',(1.,0.,0.));
#2280=DIRECTION('',(0.,0.,1.));
#2281=DIRECTION('',(1.,0.,0.));
#2282=DIRECTION('',(0.,-1.,0.));
#2283=DIRECTION('',(0.,0.,1.));
#2284=DIRECTION('',(1.,0.,0.));
#2285=DIRECTION('',(1.,0.,0.));
#2286=DIRECTION('',(0.,0.,1.));
#2287=DIRECTION('',(1.,0.,0.));
#2288=DIRECTION('',(0.,-1.,0.));
#2289=DIRECTION('',(0.,0.,1.));
#2290=DIRECTION('',(1.,0.,0.));
#2291=DIRECTION('',(1.,0.,0.));
#2292=DIRECTION('',(0.,0.,1.));
#2293=DIRECTION('',(1.,0.,0.));
#2294=DIRECTION('',(0.,-1.,0.));
#2295=DIRECTION('',(0.,0.,1.));
#2296=DIRECTION('',(1.,0.,0.));
#2297=DIRECTION('',(1.,0.,0.));
#2298=DIRECTION('',(0.,0.,1.));
#2299=DIRECTION('',(1.,0.,0.));
#2300=DIRECTION('',(0.,-1.,0.));
#2301=DIRECTION('',(0.,0.,1.));
#2302=DIRECTION('',(1.,0.,0.));
#2303=DIRECTION('',(1.,0.,0.));
#2304=DIRECTION('',(0.,0.,1.));
#2305=DIRECTION('',(1.,0.,0.));
#2306=DIRECTION('',(0.,-1.,0.));
#2307=DIRECTION('',(0.,0.,1.));
#2308=DIRECTION('',(1.,0.,0.));
#2309=DIRECTION('',(1.,0.,0.));
#2310=DIRECTION('',(0.,0.,1.));
#2311=DIRECTION('',(1.,0.,0.));
#2312=DIRECTION('',(0.,-1.,0.));
#2313=DIRECTION('',(0.,0.,1.));
#2314=DIRECTION('',(1.,0.,0.));
#2315=DIRECTION('',(1.,0.,0.));
#2316=DIRECTION('',(0.,0.,1.));
#2317=DIRECTION('',(1.,0.,0.));
#2318=DIRECTION('',(0.,-1.,0.));
#2319=DIRECTION('',(0.,0.,1.));
#2320=DIRECTION('',(1.,0.,0.));
#2321=DIRECTION('',(1.,0.,0.));
#2322=DIRECTION('',(0.,0.,1.));
#2323=DIRECTION('',(1.,0.,0.));
#2324=DIRECTION('',(0.,-1.,0.));
#2325=DIRECTION('',(0.,0.,1.));
#2326=DIRECTION('',(1.,0.,0.));
#2327=DIRECTION('',(1.,0.,0.));
#2328=DIRECTION('',(0.,0.,1.));
#2329=DIRECTION('',(1.,0.,0.));
#2330=DIRECTION('',(0.,-1.,0.));
#2331=DIRECTION('',(1.,0.,0.));
#2332=DIRECTION('',(0.,0.,-1.));
#2333=DIRECTION('',(0.,0.,-1.));
#2334=DIRECTION('',(0.,0.,-1.));
#2335=DIRECTION('',(1.,0.,0.));
#2336=DIRECTION('',(0.,0.,-1.));
#2337=DIRECTION('',(0.,0.,-1.));
#2338=DIRECTION('',(0.,0.,-1.));
#2339=DIRECTION('',(1.,0.,0.));
#2340=DIRECTION('',(0.,0.,-1.));
#2341=DIRECTION('',(0.,0.,-1.));
#2342=DIRECTION('',(0.,0.,-1.));
#2343=DIRECTION('',(1.,0.,0.));
#2344=DIRECTION('',(0.,0.,-1.));
#2345=DIRECTION('',(0.,0.,-1.));
#2346=DIRECTION('',(0.,0.,-1.));
#2347=DIRECTION('',(1.,0.,0.));
#2348=DIRECTION('',(0.,0.,-1.));
#2349=DIRECTION('',(0.,0.,-1.));
#2350=DIRECTION('',(0.,0.,-1.));
#2351=DIRECTION('',(1.,0.,0.));
#2352=DIRECTION('',(0.,0.,-1.));
#2353=DIRECTION('',(0.,0.,-1.));
#2354=DIRECTION('',(0.,0.,-1.));
#2355=DIRECTION('',(1.,0.,0.));
#2356=DIRECTION('',(0.,0.,-1.));
#2357=DIRECTION('',(0.,0.,-1.));
#2358=DIRECTION('',(0.,0.,-1.));
#2359=DIRECTION('',(1.,0.,0.));
#2360=DIRECTION('',(0.,0.,-1.));
#2361=DIRECTION('',(0.,0.,-1.));
#2362=DIRECTION('',(0.,0.,-1.));
#2363=DIRECTION('',(0.,0.,-1.));
#2364=DIRECTION('',(-1.,0.,0.));
#2365=DIRECTION('',(0.,0.,-1.));
#2366=DIRECTION('',(0.,1.,0.));
#2367=DIRECTION('',(0.,0.,1.));
#2368=DIRECTION('',(0.,0.,-1.));
#2369=DIRECTION('',(0.,0.,-1.));
#2370=DIRECTION('',(-1.,0.,0.));
#2371=DIRECTION('',(0.,0.,-1.));
#2372=DIRECTION('',(1.,0.,0.));
#2373=DIRECTION('',(0.,0.,-1.));
#2374=DIRECTION('',(0.,0.,-1.));
#2375=DIRECTION('',(0.,0.,-1.));
#2376=DIRECTION('',(-1.,0.,0.));
#2377=DIRECTION('',(0.,0.,-1.));
#2378=DIRECTION('',(0.,1.,0.));
#2379=DIRECTION('',(0.,0.,1.));
#2380=DIRECTION('',(0.,0.,-1.));
#2381=DIRECTION('',(0.,0.,-1.));
#2382=DIRECTION('',(-1.,0.,0.));
#2383=DIRECTION('',(0.,0.,-1.));
#2384=DIRECTION('',(-1.,0.,0.));
#2385=DIRECTION('',(0.,0.,-1.));
#2386=DIRECTION('',(0.,1.,0.));
#2387=DIRECTION('',(0.,0.,1.));
#2388=DIRECTION('',(0.,0.,-1.));
#2389=DIRECTION('',(0.,0.,-1.));
#2390=DIRECTION('',(-1.,0.,0.));
#2391=DIRECTION('',(0.,0.,-1.));
#2392=DIRECTION('',(1.,0.,0.));
#2393=DIRECTION('',(0.,0.,-1.));
#2394=DIRECTION('',(0.,0.,-1.));
#2395=DIRECTION('',(0.,0.,-1.));
#2396=DIRECTION('',(-1.,0.,0.));
#2397=DIRECTION('',(0.,0.,-1.));
#2398=DIRECTION('',(0.,1.,0.));
#2399=DIRECTION('',(0.,0.,1.));
#2400=DIRECTION('',(0.,0.,-1.));
#2401=DIRECTION('',(0.,0.,-1.));
#2402=DIRECTION('',(-1.,0.,0.));
#2403=DIRECTION('',(0.,0.,-1.));
#2404=DIRECTION('',(-1.,0.,0.));
#2405=DIRECTION('',(0.,0.,-1.));
#2406=DIRECTION('',(0.,1.,0.));
#2407=DIRECTION('',(0.,0.,1.));
#2408=DIRECTION('',(0.,0.,-1.));
#2409=DIRECTION('',(0.,0.,-1.));
#2410=DIRECTION('',(-1.,0.,0.));
#2411=DIRECTION('',(0.,0.,-1.));
#2412=DIRECTION('',(1.,0.,0.));
#2413=DIRECTION('',(0.,0.,-1.));
#2414=DIRECTION('',(0.,0.,-1.));
#2415=DIRECTION('',(0.,0.,-1.));
#2416=DIRECTION('',(-1.,0.,0.));
#2417=DIRECTION('',(0.,0.,-1.));
#2418=DIRECTION('',(0.,1.,0.));
#2419=DIRECTION('',(0.,0.,1.));
#2420=DIRECTION('',(0.,0.,-1.));
#2421=DIRECTION('',(0.,0.,-1.));
#2422=DIRECTION('',(-1.,0.,0.));
#2423=DIRECTION('',(0.,0.,-1.));
#2424=DIRECTION('',(-1.,0.,0.));
#2425=DIRECTION('',(0.,0.,-1.));
#2426=DIRECTION('',(0.,1.,0.));
#2427=DIRECTION('',(0.,0.,1.));
#2428=DIRECTION('',(0.,0.,-1.));
#2429=DIRECTION('',(0.,0.,-1.));
#2430=DIRECTION('',(-1.,0.,0.));
#2431=DIRECTION('',(0.,0.,-1.));
#2432=DIRECTION('',(1.,0.,0.));
#2433=DIRECTION('',(0.,0.,-1.));
#2434=DIRECTION('',(0.,0.,-1.));
#2435=DIRECTION('',(0.,0.,-1.));
#2436=DIRECTION('',(-1.,0.,0.));
#2437=DIRECTION('',(0.,0.,-1.));
#2438=DIRECTION('',(0.,1.,0.));
#2439=DIRECTION('',(0.,0.,1.));
#2440=DIRECTION('',(0.,0.,-1.));
#2441=DIRECTION('',(0.,0.,-1.));
#2442=DIRECTION('',(-1.,0.,0.));
#2443=DIRECTION('',(0.,0.,-1.));
#2444=DIRECTION('',(-1.,0.,0.));
#2445=DIRECTION('',(0.,0.,-1.));
#2446=DIRECTION('',(0.,1.,0.));
#2447=DIRECTION('',(0.,0.,1.));
#2448=DIRECTION('',(0.,0.,-1.));
#2449=DIRECTION('',(0.,0.,-1.));
#2450=DIRECTION('',(-1.,0.,0.));
#2451=DIRECTION('',(0.,0.,-1.));
#2452=DIRECTION('',(1.,0.,0.));
#2453=DIRECTION('',(0.,0.,-1.));
#2454=DIRECTION('',(0.,0.,-1.));
#2455=DIRECTION('',(0.,0.,-1.));
#2456=DIRECTION('',(-1.,0.,0.));
#2457=DIRECTION('',(0.,0.,-1.));
#2458=DIRECTION('',(0.,1.,0.));
#2459=DIRECTION('',(0.,0.,1.));
#2460=DIRECTION('',(0.,0.,-1.));
#2461=DIRECTION('',(0.,0.,-1.));
#2462=DIRECTION('',(-1.,0.,0.));
#2463=DIRECTION('',(0.,0.,-1.));
#2464=DIRECTION('',(-1.,0.,0.));
#2465=DIRECTION('',(0.,0.,-1.));
#2466=DIRECTION('',(0.,1.,0.));
#2467=DIRECTION('',(0.,0.,1.));
#2468=DIRECTION('',(0.,0.,-1.));
#2469=DIRECTION('',(0.,0.,-1.));
#2470=DIRECTION('',(-1.,0.,0.));
#2471=DIRECTION('',(0.,0.,-1.));
#2472=DIRECTION('',(1.,0.,0.));
#2473=DIRECTION('',(0.,0.,-1.));
#2474=DIRECTION('',(0.,0.,-1.));
#2475=DIRECTION('',(0.,0.,-1.));
#2476=DIRECTION('',(-1.,0.,0.));
#2477=DIRECTION('',(0.,0.,-1.));
#2478=DIRECTION('',(0.,1.,0.));
#2479=DIRECTION('',(0.,0.,1.));
#2480=DIRECTION('',(0.,0.,-1.));
#2481=DIRECTION('',(0.,0.,-1.));
#2482=DIRECTION('',(-1.,0.,0.));
#2483=DIRECTION('',(0.,0.,-1.));
#2484=DIRECTION('',(-1.,0.,0.));
#2485=DIRECTION('',(0.,0.,-1.));
#2486=DIRECTION('',(0.,1.,0.));
#2487=DIRECTION('',(0.,0.,1.));
#2488=DIRECTION('',(0.,0.,-1.));
#2489=DIRECTION('',(0.,0.,-1.));
#2490=DIRECTION('',(-1.,0.,0.));
#2491=DIRECTION('',(0.,0.,-1.));
#2492=DIRECTION('',(1.,0.,0.));
#2493=DIRECTION('',(0.,0.,-1.));
#2494=DIRECTION('',(0.,0.,-1.));
#2495=DIRECTION('',(0.,0.,-1.));
#2496=DIRECTION('',(-1.,0.,0.));
#2497=DIRECTION('',(0.,0.,-1.));
#2498=DIRECTION('',(0.,1.,0.));
#2499=DIRECTION('',(0.,0.,1.));
#2500=DIRECTION('',(0.,0.,-1.));
#2501=DIRECTION('',(0.,0.,-1.));
#2502=DIRECTION('',(-1.,0.,0.));
#2503=DIRECTION('',(0.,0.,-1.));
#2504=DIRECTION('',(-1.,0.,0.));
#2505=DIRECTION('',(0.,0.,-1.));
#2506=DIRECTION('',(0.,1.,0.));
#2507=DIRECTION('',(0.,0.,1.));
#2508=DIRECTION('',(0.,0.,-1.));
#2509=DIRECTION('',(0.,0.,-1.));
#2510=DIRECTION('',(-1.,0.,0.));
#2511=DIRECTION('',(0.,0.,-1.));
#2512=DIRECTION('',(1.,0.,0.));
#2513=DIRECTION('',(0.,0.,-1.));
#2514=DIRECTION('',(0.,0.,-1.));
#2515=DIRECTION('',(0.,0.,-1.));
#2516=DIRECTION('',(-1.,0.,0.));
#2517=DIRECTION('',(0.,0.,-1.));
#2518=DIRECTION('',(0.,1.,0.));
#2519=DIRECTION('',(0.,0.,1.));
#2520=DIRECTION('',(0.,0.,-1.));
#2521=DIRECTION('',(0.,0.,-1.));
#2522=DIRECTION('',(-1.,0.,0.));
#2523=DIRECTION('',(0.,0.,-1.));
#2524=DIRECTION('',(-1.,0.,0.));
#2525=DIRECTION('',(0.,0.,1.));
#2526=DIRECTION('',(1.,0.,0.));
#2527=DIRECTION('',(0.,0.,1.));
#2528=DIRECTION('',(1.,0.,0.));
#2529=DIRECTION('',(0.,0.,-1.));
#2530=DIRECTION('',(-1.,0.,0.));
#2531=DIRECTION('',(0.,0.,1.));
#2532=DIRECTION('',(1.,0.,0.));
#2533=DIRECTION('',(0.,0.,1.));
#2534=DIRECTION('',(1.,0.,0.));
#2535=DIRECTION('',(0.,0.,-1.));
#2536=DIRECTION('',(-1.,0.,0.));
#2537=DIRECTION('',(0.,0.,1.));
#2538=DIRECTION('',(1.,0.,0.));
#2539=DIRECTION('',(0.,0.,1.));
#2540=DIRECTION('',(1.,0.,0.));
#2541=DIRECTION('',(0.,0.,-1.));
#2542=DIRECTION('',(-1.,0.,0.));
#2543=DIRECTION('',(0.,0.,1.));
#2544=DIRECTION('',(1.,0.,0.));
#2545=DIRECTION('',(0.,0.,1.));
#2546=DIRECTION('',(1.,0.,0.));
#2547=DIRECTION('',(0.,0.,1.));
#2548=DIRECTION('',(1.,0.,0.));
#2549=DIRECTION('',(1.79880593750025E-16,-1.,0.));
#2550=DIRECTION('',(1.,1.79880593750025E-16,0.));
#2551=DIRECTION('',(-1.,-1.79880593750025E-16,0.));
#2552=DIRECTION('',(0.,0.,-1.));
#2553=DIRECTION('',(-1.,-1.79880593750025E-16,0.));
#2554=DIRECTION('',(0.,0.,-1.));
#2555=DIRECTION('',(-1.,-1.79880593750025E-16,0.));
#2556=DIRECTION('',(1.79880593750025E-16,-1.,0.));
#2557=DIRECTION('',(-1.79880593750025E-16,1.,0.));
#2558=DIRECTION('',(0.,0.,-1.));
#2559=DIRECTION('',(-1.79880593750025E-16,1.,0.));
#2560=DIRECTION('',(1.79880593750025E-16,-1.,0.));
#2561=DIRECTION('',(1.,1.79880593750025E-16,0.));
#2562=DIRECTION('',(-1.,-1.79880593750025E-16,0.));
#2563=DIRECTION('',(0.,0.,-1.));
#2564=DIRECTION('',(-1.,-1.79880593750025E-16,0.));
#2565=DIRECTION('',(-1.,-1.79880593750025E-16,0.));
#2566=DIRECTION('',(1.79880593750025E-16,-1.,0.));
#2567=DIRECTION('',(-1.79880593750025E-16,1.,0.));
#2568=DIRECTION('',(-1.79880593750025E-16,1.,0.));
#2569=DIRECTION('',(0.,0.,1.));
#2570=DIRECTION('',(1.,0.,0.));
#2571=DIRECTION('',(0.,0.,1.));
#2572=DIRECTION('',(1.,0.,0.));
#2573=DIRECTION('',(0.,0.,1.));
#2574=DIRECTION('',(1.,0.,0.));
#2575=DIRECTION('',(0.,0.,1.));
#2576=DIRECTION('',(1.,0.,0.));
#2577=DIRECTION('',(0.,0.,1.));
#2578=DIRECTION('',(1.,0.,0.));
#2579=DIRECTION('',(0.,0.,1.));
#2580=DIRECTION('',(1.,0.,0.));
#2581=DIRECTION('',(0.,0.,1.));
#2582=DIRECTION('',(1.,0.,0.));
#2583=DIRECTION('',(0.,0.,1.));
#2584=DIRECTION('',(1.,0.,0.));
#2585=DIRECTION('',(0.,0.,1.));
#2586=DIRECTION('',(1.,0.,0.));
#2587=DIRECTION('',(0.,0.,1.));
#2588=DIRECTION('',(1.,0.,0.));
#2589=DIRECTION('',(0.,0.,-1.));
#2590=DIRECTION('',(-1.,0.,0.));
#2591=DIRECTION('',(0.,0.,-1.));
#2592=DIRECTION('',(-1.,0.,0.));
#2593=DIRECTION('',(0.,0.,-1.));
#2594=DIRECTION('',(-1.,0.,0.));
#2595=DIRECTION('',(0.,0.,-1.));
#2596=DIRECTION('',(-1.,0.,0.));
#2597=CARTESIAN_POINT('',(0.,0.,0.));
#2598=CARTESIAN_POINT('',(6.93889390390723E-18,-0.038575,0.013));
#2599=CARTESIAN_POINT('',(6.93889390390723E-18,-0.038575,0.));
#2600=CARTESIAN_POINT('',(0.038575,-0.038575,0.));
#2601=CARTESIAN_POINT('',(-0.038575,-0.038575,0.));
#2602=CARTESIAN_POINT('',(0.038575,-0.038575,0.013));
#2603=CARTESIAN_POINT('',(0.038575,-0.038575,0.016));
#2604=CARTESIAN_POINT('',(6.93889390390723E-18,-0.038575,0.016));
#2605=CARTESIAN_POINT('',(-0.038575,-0.038575,0.016));
#2606=CARTESIAN_POINT('',(-0.038575,-0.038575,0.013));
#2607=CARTESIAN_POINT('',(0.038575,6.93889390390723E-18,0.013));
#2608=CARTESIAN_POINT('',(0.038575,6.93889390390723E-18,0.));
#2609=CARTESIAN_POINT('',(0.038575,0.038575,0.));
#2610=CARTESIAN_POINT('',(0.038575,0.038575,0.013));
#2611=CARTESIAN_POINT('',(0.038575,0.038575,0.016));
#2612=CARTESIAN_POINT('',(0.038575,6.93889390390723E-18,0.016));
#2613=CARTESIAN_POINT('',(-6.93889390390723E-18,0.038575,0.013));
#2614=CARTESIAN_POINT('',(-6.93889390390723E-18,0.038575,0.));
#2615=CARTESIAN_POINT('',(-0.038575,0.038575,0.));
#2616=CARTESIAN_POINT('',(-0.038575,0.038575,0.013));
#2617=CARTESIAN_POINT('',(-0.038575,0.038575,0.016));
#2618=CARTESIAN_POINT('',(-6.93889390390723E-18,0.038575,0.016));
#2619=CARTESIAN_POINT('',(0.028575,3.46944695195361E-18,0.013));
#2620=CARTESIAN_POINT('',(0.028575,3.46944695195361E-18,0.));
#2621=CARTESIAN_POINT('',(0.028575,-0.028575,0.));
#2622=CARTESIAN_POINT('',(0.028575,0.028575,0.));
#2623=CARTESIAN_POINT('',(0.028575,-0.028575,0.013));
#2624=CARTESIAN_POINT('',(0.028575,-0.028575,0.013));
#2625=CARTESIAN_POINT('',(0.028575,3.46944695195361E-18,0.013));
#2626=CARTESIAN_POINT('',(0.028575,0.028575,0.013));
#2627=CARTESIAN_POINT('',(0.028575,0.028575,0.013));
#2628=CARTESIAN_POINT('',(3.46944695195361E-18,-0.028575,0.013));
#2629=CARTESIAN_POINT('',(3.46944695195361E-18,-0.028575,0.));
#2630=CARTESIAN_POINT('',(-0.028575,-0.028575,0.));
#2631=CARTESIAN_POINT('',(-0.028575,-0.028575,0.013));
#2632=CARTESIAN_POINT('',(-0.028575,-0.028575,0.013));
#2633=CARTESIAN_POINT('',(3.46944695195361E-18,-0.028575,0.013));
#2634=CARTESIAN_POINT('',(-0.028575,-6.93889390390723E-18,0.013));
#2635=CARTESIAN_POINT('',(-0.028575,-6.93889390390723E-18,0.));
#2636=CARTESIAN_POINT('',(-0.028575,0.028575,0.));
#2637=CARTESIAN_POINT('',(-0.028575,0.028575,0.013));
#2638=CARTESIAN_POINT('',(-0.028575,0.028575,0.013));
#2639=CARTESIAN_POINT('',(-0.028575,-6.93889390390723E-18,0.013));
#2640=CARTESIAN_POINT('',(-0.033575,0.033575,0.013));
#2641=CARTESIAN_POINT('',(-0.033575,0.033575,0.004));
#2642=CARTESIAN_POINT('',(-0.032125,0.033575,0.004));
#2643=CARTESIAN_POINT('',(-0.033575,0.033575,0.016));
#2644=CARTESIAN_POINT('',(-0.032125,0.033575,0.016));
#2645=CARTESIAN_POINT('',(0.033575,0.033575,0.013));
#2646=CARTESIAN_POINT('',(0.033575,0.033575,0.004));
#2647=CARTESIAN_POINT('',(0.035025,0.033575,0.004));
#2648=CARTESIAN_POINT('',(0.033575,0.033575,0.016));
#2649=CARTESIAN_POINT('',(0.035025,0.033575,0.016));
#2650=CARTESIAN_POINT('',(-0.033575,-0.033575,0.013));
#2651=CARTESIAN_POINT('',(-0.033575,-0.033575,0.004));
#2652=CARTESIAN_POINT('',(-0.032125,-0.033575,0.004));
#2653=CARTESIAN_POINT('',(-0.033575,-0.033575,0.016));
#2654=CARTESIAN_POINT('',(-0.032125,-0.033575,0.016));
#2655=CARTESIAN_POINT('',(0.032125,-0.033575,0.013));
#2656=CARTESIAN_POINT('',(0.032125,-0.033575,0.004));
#2657=CARTESIAN_POINT('',(0.033575,-0.033575,0.004));
#2658=CARTESIAN_POINT('',(0.032125,-0.033575,0.016));
#2659=CARTESIAN_POINT('',(0.033575,-0.033575,0.016));
#2660=CARTESIAN_POINT('',(-3.46944695195361E-18,0.028575,0.013));
#2661=CARTESIAN_POINT('',(-3.46944695195361E-18,0.028575,0.));
#2662=CARTESIAN_POINT('',(-3.46944695195361E-18,0.028575,0.013));
#2663=CARTESIAN_POINT('',(-0.038575,-6.93889390390723E-18,0.013));
#2664=CARTESIAN_POINT('',(-0.038575,-6.93889390390723E-18,0.));
#2665=CARTESIAN_POINT('',(-0.038575,-6.93889390390723E-18,0.016));
#2666=CARTESIAN_POINT('',(0.,0.,0.));
#2667=CARTESIAN_POINT('',(0.033575,0.033575,0.));
#2668=CARTESIAN_POINT('',(0.035925,0.033575,0.));
#2669=CARTESIAN_POINT('',(-0.033575,-0.033575,0.));
#2670=CARTESIAN_POINT('',(-0.031225,-0.033575,0.));
#2671=CARTESIAN_POINT('',(0.032125,-0.033575,0.));
#2672=CARTESIAN_POINT('',(0.034475,-0.033575,0.));
#2673=CARTESIAN_POINT('',(-0.033575,0.033575,0.));
#2674=CARTESIAN_POINT('',(-0.031225,0.033575,0.));
#2675=CARTESIAN_POINT('',(-6.93889390390723E-18,6.93889390390723E-18,0.013));
#2676=CARTESIAN_POINT('',(-0.02555,0.02555,0.013));
#2677=CARTESIAN_POINT('',(-0.02555,0.02605,0.013));
#2678=CARTESIAN_POINT('',(-0.02605,0.02555,0.013));
#2679=CARTESIAN_POINT('',(-0.02605,0.01905,0.013));
#2680=CARTESIAN_POINT('',(-0.02605,0.01255,0.013));
#2681=CARTESIAN_POINT('',(-0.02555,0.01255,0.013));
#2682=CARTESIAN_POINT('',(-0.02555,0.01205,0.013));
#2683=CARTESIAN_POINT('',(-0.01905,0.01205,0.013));
#2684=CARTESIAN_POINT('',(-0.01255,0.01205,0.013));
#2685=CARTESIAN_POINT('',(-0.01255,0.01255,0.013));
#2686=CARTESIAN_POINT('',(-0.01205,0.01255,0.013));
#2687=CARTESIAN_POINT('',(-0.01205,0.01905,0.013));
#2688=CARTESIAN_POINT('',(-0.01205,0.02555,0.013));
#2689=CARTESIAN_POINT('',(-0.01255,0.02555,0.013));
#2690=CARTESIAN_POINT('',(-0.01255,0.02605,0.013));
#2691=CARTESIAN_POINT('',(-0.01905,0.02605,0.013));
#2692=CARTESIAN_POINT('',(-0.0065,0.02555,0.013));
#2693=CARTESIAN_POINT('',(-0.0065,0.02605,0.013));
#2694=CARTESIAN_POINT('',(-0.007,0.02555,0.013));
#2695=CARTESIAN_POINT('',(-0.007,0.01905,0.013));
#2696=CARTESIAN_POINT('',(-0.007,0.01255,0.013));
#2697=CARTESIAN_POINT('',(-0.0065,0.01255,0.013));
#2698=CARTESIAN_POINT('',(-0.0065,0.01205,0.013));
#2699=CARTESIAN_POINT('',(1.7347234759768E-18,0.01205,0.013));
#2700=CARTESIAN_POINT('',(0.0065,0.01205,0.013));
#2701=CARTESIAN_POINT('',(0.0065,0.01255,0.013));
#2702=CARTESIAN_POINT('',(0.007,0.01255,0.013));
#2703=CARTESIAN_POINT('',(0.007,0.01905,0.013));
#2704=CARTESIAN_POINT('',(0.007,0.02555,0.013));
#2705=CARTESIAN_POINT('',(0.0065,0.02555,0.013));
#2706=CARTESIAN_POINT('',(0.0065,0.02605,0.013));
#2707=CARTESIAN_POINT('',(1.7347234759768E-18,0.02605,0.013));
#2708=CARTESIAN_POINT('',(0.01255,0.02555,0.013));
#2709=CARTESIAN_POINT('',(0.01255,0.02605,0.013));
#2710=CARTESIAN_POINT('',(0.01205,0.02555,0.013));
#2711=CARTESIAN_POINT('',(0.01205,0.01905,0.013));
#2712=CARTESIAN_POINT('',(0.01205,0.01255,0.013));
#2713=CARTESIAN_POINT('',(0.01255,0.01255,0.013));
#2714=CARTESIAN_POINT('',(0.01255,0.01205,0.013));
#2715=CARTESIAN_POINT('',(0.01905,0.01205,0.013));
#2716=CARTESIAN_POINT('',(0.02555,0.01205,0.013));
#2717=CARTESIAN_POINT('',(0.02555,0.01255,0.013));
#2718=CARTESIAN_POINT('',(0.02605,0.01255,0.013));
#2719=CARTESIAN_POINT('',(0.02605,0.01905,0.013));
#2720=CARTESIAN_POINT('',(0.02605,0.02555,0.013));
#2721=CARTESIAN_POINT('',(0.02555,0.02555,0.013));
#2722=CARTESIAN_POINT('',(0.02555,0.02605,0.013));
#2723=CARTESIAN_POINT('',(0.01905,0.02605,0.013));
#2724=CARTESIAN_POINT('',(-0.02555,0.0065,0.013));
#2725=CARTESIAN_POINT('',(-0.02555,0.007,0.013));
#2726=CARTESIAN_POINT('',(-0.02605,0.0065,0.013));
#2727=CARTESIAN_POINT('',(-0.02605,-1.7347234759768E-18,0.013));
#2728=CARTESIAN_POINT('',(-0.02605,-0.0065,0.013));
#2729=CARTESIAN_POINT('',(-0.02555,-0.0065,0.013));
#2730=CARTESIAN_POINT('',(-0.02555,-0.007,0.013));
#2731=CARTESIAN_POINT('',(-0.01905,-0.007,0.013));
#2732=CARTESIAN_POINT('',(-0.01255,-0.007,0.013));
#2733=CARTESIAN_POINT('',(-0.01255,-0.0065,0.013));
#2734=CARTESIAN_POINT('',(-0.01205,-0.0065,0.013));
#2735=CARTESIAN_POINT('',(-0.01205,-1.7347234759768E-18,0.013));
#2736=CARTESIAN_POINT('',(-0.01205,0.0065,0.013));
#2737=CARTESIAN_POINT('',(-0.01255,0.0065,0.013));
#2738=CARTESIAN_POINT('',(-0.01255,0.007,0.013));
#2739=CARTESIAN_POINT('',(-0.01905,0.007,0.013));
#2740=CARTESIAN_POINT('',(-0.0065,0.0065,0.013));
#2741=CARTESIAN_POINT('',(-0.0065,0.007,0.013));
#2742=CARTESIAN_POINT('',(-0.007,0.0065,0.013));
#2743=CARTESIAN_POINT('',(-0.007,-1.7347234759768E-18,0.013));
#2744=CARTESIAN_POINT('',(-0.007,-0.0065,0.013));
#2745=CARTESIAN_POINT('',(-0.0065,-0.0065,0.013));
#2746=CARTESIAN_POINT('',(-0.0065,-0.007,0.013));
#2747=CARTESIAN_POINT('',(1.7347234759768E-18,-0.007,0.013));
#2748=CARTESIAN_POINT('',(0.0065,-0.007,0.013));
#2749=CARTESIAN_POINT('',(0.0065,-0.0065,0.013));
#2750=CARTESIAN_POINT('',(0.007,-0.0065,0.013));
#2751=CARTESIAN_POINT('',(0.007,-1.7347234759768E-18,0.013));
#2752=CARTESIAN_POINT('',(0.007,0.0065,0.013));
#2753=CARTESIAN_POINT('',(0.0065,0.0065,0.013));
#2754=CARTESIAN_POINT('',(0.0065,0.007,0.013));
#2755=CARTESIAN_POINT('',(1.7347234759768E-18,0.007,0.013));
#2756=CARTESIAN_POINT('',(0.01255,0.0065,0.013));
#2757=CARTESIAN_POINT('',(0.01255,0.007,0.013));
#2758=CARTESIAN_POINT('',(0.01205,0.0065,0.013));
#2759=CARTESIAN_POINT('',(0.01205,-1.7347234759768E-18,0.013));
#2760=CARTESIAN_POINT('',(0.01205,-0.0065,0.013));
#2761=CARTESIAN_POINT('',(0.01255,-0.0065,0.013));
#2762=CARTESIAN_POINT('',(0.01255,-0.007,0.013));
#2763=CARTESIAN_POINT('',(0.01905,-0.007,0.013));
#2764=CARTESIAN_POINT('',(0.02555,-0.007,0.013));
#2765=CARTESIAN_POINT('',(0.02555,-0.0065,0.013));
#2766=CARTESIAN_POINT('',(0.02605,-0.0065,0.013));
#2767=CARTESIAN_POINT('',(0.02605,-1.7347234759768E-18,0.013));
#2768=CARTESIAN_POINT('',(0.02605,0.0065,0.013));
#2769=CARTESIAN_POINT('',(0.02555,0.0065,0.013));
#2770=CARTESIAN_POINT('',(0.02555,0.007,0.013));
#2771=CARTESIAN_POINT('',(0.01905,0.007,0.013));
#2772=CARTESIAN_POINT('',(-0.02555,-0.01255,0.013));
#2773=CARTESIAN_POINT('',(-0.02555,-0.01205,0.013));
#2774=CARTESIAN_POINT('',(-0.02605,-0.01255,0.013));
#2775=CARTESIAN_POINT('',(-0.02605,-0.01905,0.013));
#2776=CARTESIAN_POINT('',(-0.02605,-0.02555,0.013));
#2777=CARTESIAN_POINT('',(-0.02555,-0.02555,0.013));
#2778=CARTESIAN_POINT('',(-0.02555,-0.02605,0.013));
#2779=CARTESIAN_POINT('',(-0.01905,-0.02605,0.013));
#2780=CARTESIAN_POINT('',(-0.01255,-0.02605,0.013));
#2781=CARTESIAN_POINT('',(-0.01255,-0.02555,0.013));
#2782=CARTESIAN_POINT('',(-0.01205,-0.02555,0.013));
#2783=CARTESIAN_POINT('',(-0.01205,-0.01905,0.013));
#2784=CARTESIAN_POINT('',(-0.01205,-0.01255,0.013));
#2785=CARTESIAN_POINT('',(-0.01255,-0.01255,0.013));
#2786=CARTESIAN_POINT('',(-0.01255,-0.01205,0.013));
#2787=CARTESIAN_POINT('',(-0.01905,-0.01205,0.013));
#2788=CARTESIAN_POINT('',(0.01255,-0.01255,0.013));
#2789=CARTESIAN_POINT('',(0.01255,-0.01205,0.013));
#2790=CARTESIAN_POINT('',(0.01205,-0.01255,0.013));
#2791=CARTESIAN_POINT('',(0.01205,-0.01905,0.013));
#2792=CARTESIAN_POINT('',(0.01205,-0.02555,0.013));
#2793=CARTESIAN_POINT('',(0.01255,-0.02555,0.013));
#2794=CARTESIAN_POINT('',(0.01255,-0.02605,0.013));
#2795=CARTESIAN_POINT('',(0.01905,-0.02605,0.013));
#2796=CARTESIAN_POINT('',(0.02555,-0.02605,0.013));
#2797=CARTESIAN_POINT('',(0.02555,-0.02555,0.013));
#2798=CARTESIAN_POINT('',(0.02605,-0.02555,0.013));
#2799=CARTESIAN_POINT('',(0.02605,-0.01905,0.013));
#2800=CARTESIAN_POINT('',(0.02605,-0.01255,0.013));
#2801=CARTESIAN_POINT('',(0.02555,-0.01255,0.013));
#2802=CARTESIAN_POINT('',(0.02555,-0.01205,0.013));
#2803=CARTESIAN_POINT('',(0.01905,-0.01205,0.013));
#2804=CARTESIAN_POINT('',(-6.93889390390723E-18,6.93889390390723E-18,0.016));
#2805=CARTESIAN_POINT('',(-0.02555,0.02555,0.016));
#2806=CARTESIAN_POINT('',(-0.02555,0.02605,0.016));
#2807=CARTESIAN_POINT('',(-0.02605,0.02555,0.016));
#2808=CARTESIAN_POINT('',(-0.01905,0.02605,0.016));
#2809=CARTESIAN_POINT('',(-0.01255,0.02605,0.016));
#2810=CARTESIAN_POINT('',(-0.01255,0.02555,0.016));
#2811=CARTESIAN_POINT('',(-0.01205,0.02555,0.016));
#2812=CARTESIAN_POINT('',(-0.01205,0.01905,0.016));
#2813=CARTESIAN_POINT('',(-0.01205,0.01255,0.016));
#2814=CARTESIAN_POINT('',(-0.01255,0.01255,0.016));
#2815=CARTESIAN_POINT('',(-0.01255,0.01205,0.016));
#2816=CARTESIAN_POINT('',(-0.01905,0.01205,0.016));
#2817=CARTESIAN_POINT('',(-0.02555,0.01205,0.016));
#2818=CARTESIAN_POINT('',(-0.02555,0.01255,0.016));
#2819=CARTESIAN_POINT('',(-0.02605,0.01255,0.016));
#2820=CARTESIAN_POINT('',(-0.02605,0.01905,0.016));
#2821=CARTESIAN_POINT('',(-0.0065,0.02555,0.016));
#2822=CARTESIAN_POINT('',(-0.0065,0.02605,0.016));
#2823=CARTESIAN_POINT('',(-0.007,0.02555,0.016));
#2824=CARTESIAN_POINT('',(1.7347234759768E-18,0.02605,0.016));
#2825=CARTESIAN_POINT('',(0.0065,0.02605,0.016));
#2826=CARTESIAN_POINT('',(0.0065,0.02555,0.016));
#2827=CARTESIAN_POINT('',(0.007,0.02555,0.016));
#2828=CARTESIAN_POINT('',(0.007,0.01905,0.016));
#2829=CARTESIAN_POINT('',(0.007,0.01255,0.016));
#2830=CARTESIAN_POINT('',(0.0065,0.01255,0.016));
#2831=CARTESIAN_POINT('',(0.0065,0.01205,0.016));
#2832=CARTESIAN_POINT('',(1.7347234759768E-18,0.01205,0.016));
#2833=CARTESIAN_POINT('',(-0.0065,0.01205,0.016));
#2834=CARTESIAN_POINT('',(-0.0065,0.01255,0.016));
#2835=CARTESIAN_POINT('',(-0.007,0.01255,0.016));
#2836=CARTESIAN_POINT('',(-0.007,0.01905,0.016));
#2837=CARTESIAN_POINT('',(0.01255,0.02555,0.016));
#2838=CARTESIAN_POINT('',(0.01255,0.02605,0.016));
#2839=CARTESIAN_POINT('',(0.01205,0.02555,0.016));
#2840=CARTESIAN_POINT('',(0.01905,0.02605,0.016));
#2841=CARTESIAN_POINT('',(0.02555,0.02605,0.016));
#2842=CARTESIAN_POINT('',(0.02555,0.02555,0.016));
#2843=CARTESIAN_POINT('',(0.02605,0.02555,0.016));
#2844=CARTESIAN_POINT('',(0.02605,0.01905,0.016));
#2845=CARTESIAN_POINT('',(0.02605,0.01255,0.016));
#2846=CARTESIAN_POINT('',(0.02555,0.01255,0.016));
#2847=CARTESIAN_POINT('',(0.02555,0.01205,0.016));
#2848=CARTESIAN_POINT('',(0.01905,0.01205,0.016));
#2849=CARTESIAN_POINT('',(0.01255,0.01205,0.016));
#2850=CARTESIAN_POINT('',(0.01255,0.01255,0.016));
#2851=CARTESIAN_POINT('',(0.01205,0.01255,0.016));
#2852=CARTESIAN_POINT('',(0.01205,0.01905,0.016));
#2853=CARTESIAN_POINT('',(-0.02555,0.0065,0.016));
#2854=CARTESIAN_POINT('',(-0.02555,0.007,0.016));
#2855=CARTESIAN_POINT('',(-0.02605,0.0065,0.016));
#2856=CARTESIAN_POINT('',(-0.01905,0.007,0.016));
#2857=CARTESIAN_POINT('',(-0.01255,0.007,0.016));
#2858=CARTESIAN_POINT('',(-0.01255,0.0065,0.016));
#2859=CARTESIAN_POINT('',(-0.01205,0.0065,0.016));
#2860=CARTESIAN_POINT('',(-0.01205,-1.7347234759768E-18,0.016));
#2861=CARTESIAN_POINT('',(-0.01205,-0.0065,0.016));
#2862=CARTESIAN_POINT('',(-0.01255,-0.0065,0.016));
#2863=CARTESIAN_POINT('',(-0.01255,-0.007,0.016));
#2864=CARTESIAN_POINT('',(-0.01905,-0.007,0.016));
#2865=CARTESIAN_POINT('',(-0.02555,-0.007,0.016));
#2866=CARTESIAN_POINT('',(-0.02555,-0.0065,0.016));
#2867=CARTESIAN_POINT('',(-0.02605,-0.0065,0.016));
#2868=CARTESIAN_POINT('',(-0.02605,-1.7347234759768E-18,0.016));
#2869=CARTESIAN_POINT('',(-0.0065,0.0065,0.016));
#2870=CARTESIAN_POINT('',(-0.0065,0.007,0.016));
#2871=CARTESIAN_POINT('',(-0.007,0.0065,0.016));
#2872=CARTESIAN_POINT('',(1.7347234759768E-18,0.007,0.016));
#2873=CARTESIAN_POINT('',(0.0065,0.007,0.016));
#2874=CARTESIAN_POINT('',(0.0065,0.0065,0.016));
#2875=CARTESIAN_POINT('',(0.007,0.0065,0.016));
#2876=CARTESIAN_POINT('',(0.007,-1.7347234759768E-18,0.016));
#2877=CARTESIAN_POINT('',(0.007,-0.0065,0.016));
#2878=CARTESIAN_POINT('',(0.0065,-0.0065,0.016));
#2879=CARTESIAN_POINT('',(0.0065,-0.007,0.016));
#2880=CARTESIAN_POINT('',(1.7347234759768E-18,-0.007,0.016));
#2881=CARTESIAN_POINT('',(-0.0065,-0.007,0.016));
#2882=CARTESIAN_POINT('',(-0.0065,-0.0065,0.016));
#2883=CARTESIAN_POINT('',(-0.007,-0.0065,0.016));
#2884=CARTESIAN_POINT('',(-0.007,-1.7347234759768E-18,0.016));
#2885=CARTESIAN_POINT('',(0.01255,0.0065,0.016));
#2886=CARTESIAN_POINT('',(0.01255,0.007,0.016));
#2887=CARTESIAN_POINT('',(0.01205,0.0065,0.016));
#2888=CARTESIAN_POINT('',(0.01905,0.007,0.016));
#2889=CARTESIAN_POINT('',(0.02555,0.007,0.016));
#2890=CARTESIAN_POINT('',(0.02555,0.0065,0.016));
#2891=CARTESIAN_POINT('',(0.02605,0.0065,0.016));
#2892=CARTESIAN_POINT('',(0.02605,-1.7347234759768E-18,0.016));
#2893=CARTESIAN_POINT('',(0.02605,-0.0065,0.016));
#2894=CARTESIAN_POINT('',(0.02555,-0.0065,0.016));
#2895=CARTESIAN_POINT('',(0.02555,-0.007,0.016));
#2896=CARTESIAN_POINT('',(0.01905,-0.007,0.016));
#2897=CARTESIAN_POINT('',(0.01255,-0.007,0.016));
#2898=CARTESIAN_POINT('',(0.01255,-0.0065,0.016));
#2899=CARTESIAN_POINT('',(0.01205,-0.0065,0.016));
#2900=CARTESIAN_POINT('',(0.01205,-1.7347234759768E-18,0.016));
#2901=CARTESIAN_POINT('',(-0.02555,-0.01255,0.016));
#2902=CARTESIAN_POINT('',(-0.02555,-0.01205,0.016));
#2903=CARTESIAN_POINT('',(-0.02605,-0.01255,0.016));
#2904=CARTESIAN_POINT('',(-0.01905,-0.01205,0.016));
#2905=CARTESIAN_POINT('',(-0.01255,-0.01205,0.016));
#2906=CARTESIAN_POINT('',(-0.01255,-0.01255,0.016));
#2907=CARTESIAN_POINT('',(-0.01205,-0.01255,0.016));
#2908=CARTESIAN_POINT('',(-0.01205,-0.01905,0.016));
#2909=CARTESIAN_POINT('',(-0.01205,-0.02555,0.016));
#2910=CARTESIAN_POINT('',(-0.01255,-0.02555,0.016));
#2911=CARTESIAN_POINT('',(-0.01255,-0.02605,0.016));
#2912=CARTESIAN_POINT('',(-0.01905,-0.02605,0.016));
#2913=CARTESIAN_POINT('',(-0.02555,-0.02605,0.016));
#2914=CARTESIAN_POINT('',(-0.02555,-0.02555,0.016));
#2915=CARTESIAN_POINT('',(-0.02605,-0.02555,0.016));
#2916=CARTESIAN_POINT('',(-0.02605,-0.01905,0.016));
#2917=CARTESIAN_POINT('',(0.01255,-0.01255,0.016));
#2918=CARTESIAN_POINT('',(0.01255,-0.01205,0.016));
#2919=CARTESIAN_POINT('',(0.01205,-0.01255,0.016));
#2920=CARTESIAN_POINT('',(0.01905,-0.01205,0.016));
#2921=CARTESIAN_POINT('',(0.02555,-0.01205,0.016));
#2922=CARTESIAN_POINT('',(0.02555,-0.01255,0.016));
#2923=CARTESIAN_POINT('',(0.02605,-0.01255,0.016));
#2924=CARTESIAN_POINT('',(0.02605,-0.01905,0.016));
#2925=CARTESIAN_POINT('',(0.02605,-0.02555,0.016));
#2926=CARTESIAN_POINT('',(0.02555,-0.02555,0.016));
#2927=CARTESIAN_POINT('',(0.02555,-0.02605,0.016));
#2928=CARTESIAN_POINT('',(0.01905,-0.02605,0.016));
#2929=CARTESIAN_POINT('',(0.01255,-0.02605,0.016));
#2930=CARTESIAN_POINT('',(0.01255,-0.02555,0.016));
#2931=CARTESIAN_POINT('',(0.01205,-0.02555,0.016));
#2932=CARTESIAN_POINT('',(0.01205,-0.01905,0.016));
#2933=CARTESIAN_POINT('',(0.01205,-0.01905,0.016));
#2934=CARTESIAN_POINT('',(0.01205,-0.01255,0.016));
#2935=CARTESIAN_POINT('',(0.01205,-0.02555,0.016));
#2936=CARTESIAN_POINT('',(-0.02605,0.01905,0.016));
#2937=CARTESIAN_POINT('',(-0.02605,0.02555,0.016));
#2938=CARTESIAN_POINT('',(-0.02605,0.01255,0.016));
#2939=CARTESIAN_POINT('',(-0.007,0.01905,0.016));
#2940=CARTESIAN_POINT('',(-0.007,0.02555,0.016));
#2941=CARTESIAN_POINT('',(-0.007,0.01255,0.016));
#2942=CARTESIAN_POINT('',(0.01205,0.01905,0.016));
#2943=CARTESIAN_POINT('',(0.01205,0.02555,0.016));
#2944=CARTESIAN_POINT('',(0.01205,0.01255,0.016));
#2945=CARTESIAN_POINT('',(-0.02605,-1.7347234759768E-18,0.016));
#2946=CARTESIAN_POINT('',(-0.02605,0.0065,0.016));
#2947=CARTESIAN_POINT('',(-0.02605,-0.0065,0.016));
#2948=CARTESIAN_POINT('',(-0.007,-1.7347234759768E-18,0.016));
#2949=CARTESIAN_POINT('',(-0.007,0.0065,0.016));
#2950=CARTESIAN_POINT('',(-0.007,-0.0065,0.016));
#2951=CARTESIAN_POINT('',(0.01205,-1.7347234759768E-18,0.016));
#2952=CARTESIAN_POINT('',(0.01205,0.0065,0.016));
#2953=CARTESIAN_POINT('',(0.01205,-0.0065,0.016));
#2954=CARTESIAN_POINT('',(-0.02605,-0.01905,0.016));
#2955=CARTESIAN_POINT('',(-0.02605,-0.01255,0.016));
#2956=CARTESIAN_POINT('',(-0.02605,-0.02555,0.016));
#2957=CARTESIAN_POINT('',(-0.02555,0.01255,0.016));
#2958=CARTESIAN_POINT('',(-0.02555,0.01205,0.016));
#2959=CARTESIAN_POINT('',(-0.01905,0.01205,0.016));
#2960=CARTESIAN_POINT('',(-0.01255,0.01205,0.016));
#2961=CARTESIAN_POINT('',(-0.01255,0.01255,0.016));
#2962=CARTESIAN_POINT('',(-0.01205,0.01255,0.016));
#2963=CARTESIAN_POINT('',(-0.01205,0.01905,0.016));
#2964=CARTESIAN_POINT('',(-0.01205,0.02555,0.016));
#2965=CARTESIAN_POINT('',(-0.01255,0.02555,0.016));
#2966=CARTESIAN_POINT('',(-0.01255,0.02605,0.016));
#2967=CARTESIAN_POINT('',(-0.01905,0.02605,0.016));
#2968=CARTESIAN_POINT('',(-0.02555,0.02605,0.016));
#2969=CARTESIAN_POINT('',(-0.02555,0.02555,0.016));
#2970=CARTESIAN_POINT('',(-0.0065,0.01255,0.016));
#2971=CARTESIAN_POINT('',(-0.0065,0.01205,0.016));
#2972=CARTESIAN_POINT('',(1.7347234759768E-18,0.01205,0.016));
#2973=CARTESIAN_POINT('',(0.0065,0.01205,0.016));
#2974=CARTESIAN_POINT('',(0.0065,0.01255,0.016));
#2975=CARTESIAN_POINT('',(0.007,0.01255,0.016));
#2976=CARTESIAN_POINT('',(0.007,0.01905,0.016));
#2977=CARTESIAN_POINT('',(0.007,0.02555,0.016));
#2978=CARTESIAN_POINT('',(0.0065,0.02555,0.016));
#2979=CARTESIAN_POINT('',(0.0065,0.02605,0.016));
#2980=CARTESIAN_POINT('',(1.7347234759768E-18,0.02605,0.016));
#2981=CARTESIAN_POINT('',(-0.0065,0.02605,0.016));
#2982=CARTESIAN_POINT('',(-0.0065,0.02555,0.016));
#2983=CARTESIAN_POINT('',(0.01255,0.01255,0.016));
#2984=CARTESIAN_POINT('',(0.01255,0.01205,0.016));
#2985=CARTESIAN_POINT('',(0.01905,0.01205,0.016));
#2986=CARTESIAN_POINT('',(0.02555,0.01205,0.016));
#2987=CARTESIAN_POINT('',(0.02555,0.01255,0.016));
#2988=CARTESIAN_POINT('',(0.02605,0.01255,0.016));
#2989=CARTESIAN_POINT('',(0.02605,0.01905,0.016));
#2990=CARTESIAN_POINT('',(0.02605,0.02555,0.016));
#2991=CARTESIAN_POINT('',(0.02555,0.02555,0.016));
#2992=CARTESIAN_POINT('',(0.02555,0.02605,0.016));
#2993=CARTESIAN_POINT('',(0.01905,0.02605,0.016));
#2994=CARTESIAN_POINT('',(0.01255,0.02605,0.016));
#2995=CARTESIAN_POINT('',(0.01255,0.02555,0.016));
#2996=CARTESIAN_POINT('',(-0.02555,-0.0065,0.016));
#2997=CARTESIAN_POINT('',(-0.02555,-0.007,0.016));
#2998=CARTESIAN_POINT('',(-0.01905,-0.007,0.016));
#2999=CARTESIAN_POINT('',(-0.01255,-0.007,0.016));
#3000=CARTESIAN_POINT('',(-0.01255,-0.0065,0.016));
#3001=CARTESIAN_POINT('',(-0.01205,-0.0065,0.016));
#3002=CARTESIAN_POINT('',(-0.01205,-1.7347234759768E-18,0.016));
#3003=CARTESIAN_POINT('',(-0.01205,0.0065,0.016));
#3004=CARTESIAN_POINT('',(-0.01255,0.0065,0.016));
#3005=CARTESIAN_POINT('',(-0.01255,0.007,0.016));
#3006=CARTESIAN_POINT('',(-0.01905,0.007,0.016));
#3007=CARTESIAN_POINT('',(-0.02555,0.007,0.016));
#3008=CARTESIAN_POINT('',(-0.02555,0.0065,0.016));
#3009=CARTESIAN_POINT('',(-0.0065,-0.0065,0.016));
#3010=CARTESIAN_POINT('',(-0.0065,-0.007,0.016));
#3011=CARTESIAN_POINT('',(1.7347234759768E-18,-0.007,0.016));
#3012=CARTESIAN_POINT('',(0.0065,-0.007,0.016));
#3013=CARTESIAN_POINT('',(0.0065,-0.0065,0.016));
#3014=CARTESIAN_POINT('',(0.007,-0.0065,0.016));
#3015=CARTESIAN_POINT('',(0.007,-1.7347234759768E-18,0.016));
#3016=CARTESIAN_POINT('',(0.007,0.0065,0.016));
#3017=CARTESIAN_POINT('',(0.0065,0.0065,0.016));
#3018=CARTESIAN_POINT('',(0.0065,0.007,0.016));
#3019=CARTESIAN_POINT('',(1.7347234759768E-18,0.007,0.016));
#3020=CARTESIAN_POINT('',(-0.0065,0.007,0.016));
#3021=CARTESIAN_POINT('',(-0.0065,0.0065,0.016));
#3022=CARTESIAN_POINT('',(0.01255,-0.0065,0.016));
#3023=CARTESIAN_POINT('',(0.01255,-0.007,0.016));
#3024=CARTESIAN_POINT('',(0.01905,-0.007,0.016));
#3025=CARTESIAN_POINT('',(0.02555,-0.007,0.016));
#3026=CARTESIAN_POINT('',(0.02555,-0.0065,0.016));
#3027=CARTESIAN_POINT('',(0.02605,-0.0065,0.016));
#3028=CARTESIAN_POINT('',(0.02605,-1.7347234759768E-18,0.016));
#3029=CARTESIAN_POINT('',(0.02605,0.0065,0.016));
#3030=CARTESIAN_POINT('',(0.02555,0.0065,0.016));
#3031=CARTESIAN_POINT('',(0.02555,0.007,0.016));
#3032=CARTESIAN_POINT('',(0.01905,0.007,0.016));
#3033=CARTESIAN_POINT('',(0.01255,0.007,0.016));
#3034=CARTESIAN_POINT('',(0.01255,0.0065,0.016));
#3035=CARTESIAN_POINT('',(-0.02555,-0.02555,0.016));
#3036=CARTESIAN_POINT('',(-0.02555,-0.02605,0.016));
#3037=CARTESIAN_POINT('',(-0.01905,-0.02605,0.016));
#3038=CARTESIAN_POINT('',(-0.01255,-0.02605,0.016));
#3039=CARTESIAN_POINT('',(-0.01255,-0.02555,0.016));
#3040=CARTESIAN_POINT('',(-0.01205,-0.02555,0.016));
#3041=CARTESIAN_POINT('',(-0.01205,-0.01905,0.016));
#3042=CARTESIAN_POINT('',(-0.01205,-0.01255,0.016));
#3043=CARTESIAN_POINT('',(-0.01255,-0.01255,0.016));
#3044=CARTESIAN_POINT('',(-0.01255,-0.01205,0.016));
#3045=CARTESIAN_POINT('',(-0.01905,-0.01205,0.016));
#3046=CARTESIAN_POINT('',(-0.02555,-0.01205,0.016));
#3047=CARTESIAN_POINT('',(-0.02555,-0.01255,0.016));
#3048=CARTESIAN_POINT('',(0.01255,-0.02555,0.016));
#3049=CARTESIAN_POINT('',(0.01255,-0.02605,0.016));
#3050=CARTESIAN_POINT('',(0.01905,-0.02605,0.016));
#3051=CARTESIAN_POINT('',(0.02555,-0.02605,0.016));
#3052=CARTESIAN_POINT('',(0.02555,-0.02555,0.016));
#3053=CARTESIAN_POINT('',(0.02605,-0.02555,0.016));
#3054=CARTESIAN_POINT('',(0.02605,-0.01905,0.016));
#3055=CARTESIAN_POINT('',(0.02605,-0.01255,0.016));
#3056=CARTESIAN_POINT('',(0.02555,-0.01255,0.016));
#3057=CARTESIAN_POINT('',(0.02555,-0.01205,0.016));
#3058=CARTESIAN_POINT('',(0.01905,-0.01205,0.016));
#3059=CARTESIAN_POINT('',(0.01255,-0.01205,0.016));
#3060=CARTESIAN_POINT('',(0.01255,-0.01255,0.016));
#3061=CARTESIAN_POINT('',(-0.033575,0.033575,0.004));
#3062=CARTESIAN_POINT('',(-0.033575,0.033575,0.004));
#3063=CARTESIAN_POINT('',(-0.031225,0.033575,0.004));
#3064=CARTESIAN_POINT('',(-6.93889390390723E-18,0.,0.004));
#3065=CARTESIAN_POINT('',(0.032125,-0.033575,0.004));
#3066=CARTESIAN_POINT('',(0.032125,-0.033575,0.004));
#3067=CARTESIAN_POINT('',(0.034475,-0.033575,0.004));
#3068=CARTESIAN_POINT('',(-6.93889390390723E-18,0.,0.004));
#3069=CARTESIAN_POINT('',(-0.033575,-0.033575,0.004));
#3070=CARTESIAN_POINT('',(-0.033575,-0.033575,0.004));
#3071=CARTESIAN_POINT('',(-0.031225,-0.033575,0.004));
#3072=CARTESIAN_POINT('',(-6.93889390390723E-18,0.,0.004));
#3073=CARTESIAN_POINT('',(0.033575,0.033575,0.004));
#3074=CARTESIAN_POINT('',(0.033575,0.033575,0.004));
#3075=CARTESIAN_POINT('',(0.035925,0.033575,0.004));
#3076=CARTESIAN_POINT('',(-6.93889390390723E-18,0.,0.004));
#3077=CARTESIAN_POINT('',(0.,0.,0.));
#3078=CARTESIAN_POINT('',(6.93889390390723E-18,-0.038575,0.003));
#3079=CARTESIAN_POINT('',(6.93889390390723E-18,-0.038575,0.));
#3080=CARTESIAN_POINT('',(0.038575,-0.038575,0.));
#3081=CARTESIAN_POINT('',(-0.038575,-0.038575,0.));
#3082=CARTESIAN_POINT('',(0.038575,-0.038575,0.003));
#3083=CARTESIAN_POINT('',(0.038575,-0.038575,0.003));
#3084=CARTESIAN_POINT('',(6.93889390390723E-18,-0.038575,0.003));
#3085=CARTESIAN_POINT('',(-0.038575,-0.038575,0.003));
#3086=CARTESIAN_POINT('',(-0.038575,-0.038575,0.003));
#3087=CARTESIAN_POINT('',(0.038575,6.93889390390723E-18,0.003));
#3088=CARTESIAN_POINT('',(0.038575,6.93889390390723E-18,0.));
#3089=CARTESIAN_POINT('',(0.038575,0.038575,0.));
#3090=CARTESIAN_POINT('',(0.038575,0.038575,0.003));
#3091=CARTESIAN_POINT('',(0.038575,0.038575,0.003));
#3092=CARTESIAN_POINT('',(0.038575,6.93889390390723E-18,0.003));
#3093=CARTESIAN_POINT('',(-6.93889390390723E-18,0.038575,0.003));
#3094=CARTESIAN_POINT('',(-6.93889390390723E-18,0.038575,0.));
#3095=CARTESIAN_POINT('',(-0.038575,0.038575,0.));
#3096=CARTESIAN_POINT('',(-0.038575,0.038575,0.003));
#3097=CARTESIAN_POINT('',(-0.038575,0.038575,0.003));
#3098=CARTESIAN_POINT('',(-6.93889390390723E-18,0.038575,0.003));
#3099=CARTESIAN_POINT('',(-0.038575,-6.93889390390723E-18,0.003));
#3100=CARTESIAN_POINT('',(-0.038575,-6.93889390390723E-18,0.));
#3101=CARTESIAN_POINT('',(-0.038575,-6.93889390390723E-18,0.003));
#3102=CARTESIAN_POINT('',(0.,0.,0.003));
#3103=CARTESIAN_POINT('',(0.033575,0.033575,0.003));
#3104=CARTESIAN_POINT('',(0.035925,0.033575,0.003));
#3105=CARTESIAN_POINT('',(-0.033575,-0.033575,0.003));
#3106=CARTESIAN_POINT('',(-0.031225,-0.033575,0.003));
#3107=CARTESIAN_POINT('',(0.032125,-0.033575,0.003));
#3108=CARTESIAN_POINT('',(0.034475,-0.033575,0.003));
#3109=CARTESIAN_POINT('',(-0.033575,0.033575,0.003));
#3110=CARTESIAN_POINT('',(-0.031225,0.033575,0.003));
#3111=CARTESIAN_POINT('',(0.,0.,0.));
#3112=CARTESIAN_POINT('',(0.033575,0.033575,0.));
#3113=CARTESIAN_POINT('',(0.035925,0.033575,0.));
#3114=CARTESIAN_POINT('',(-0.033575,-0.033575,0.));
#3115=CARTESIAN_POINT('',(-0.031225,-0.033575,0.));
#3116=CARTESIAN_POINT('',(0.032125,-0.033575,0.));
#3117=CARTESIAN_POINT('',(0.034475,-0.033575,0.));
#3118=CARTESIAN_POINT('',(-0.033575,0.033575,0.));
#3119=CARTESIAN_POINT('',(-0.031225,0.033575,0.));
#3120=CARTESIAN_POINT('',(-0.033575,0.033575,0.004));
#3121=CARTESIAN_POINT('',(0.032125,-0.033575,0.004));
#3122=CARTESIAN_POINT('',(-0.033575,-0.033575,0.004));
#3123=CARTESIAN_POINT('',(0.033575,0.033575,0.004));
#3124=MECHANICAL_DESIGN_GEOMETRIC_PRESENTATION_REPRESENTATION('',(#1850),
#3126);
#3125=MECHANICAL_DESIGN_GEOMETRIC_PRESENTATION_REPRESENTATION('',(#1851),
#3127);
#3126=(
GEOMETRIC_REPRESENTATION_CONTEXT(3)
GLOBAL_UNCERTAINTY_ASSIGNED_CONTEXT((#3128))
GLOBAL_UNIT_ASSIGNED_CONTEXT((#3134,#3132,#3130))
REPRESENTATION_CONTEXT('Part 2','TOP_LEVEL_ASSEMBLY_PART')
);
#3127=(
GEOMETRIC_REPRESENTATION_CONTEXT(3)
GLOBAL_UNCERTAINTY_ASSIGNED_CONTEXT((#3129))
GLOBAL_UNIT_ASSIGNED_CONTEXT((#3135,#3133,#3131))
REPRESENTATION_CONTEXT('Part 1','TOP_LEVEL_ASSEMBLY_PART')
);
#3128=UNCERTAINTY_MEASURE_WITH_UNIT(LENGTH_MEASURE(1.E-8),#3134,
'DISTANCE_ACCURACY_VALUE','Maximum Tolerance applied to model');
#3129=UNCERTAINTY_MEASURE_WITH_UNIT(LENGTH_MEASURE(1.E-8),#3135,
'DISTANCE_ACCURACY_VALUE','Maximum Tolerance applied to model');
#3130=(
NAMED_UNIT(*)
SI_UNIT($,.STERADIAN.)
SOLID_ANGLE_UNIT()
);
#3131=(
NAMED_UNIT(*)
SI_UNIT($,.STERADIAN.)
SOLID_ANGLE_UNIT()
);
#3132=(
NAMED_UNIT(*)
PLANE_ANGLE_UNIT()
SI_UNIT($,.RADIAN.)
);
#3133=(
NAMED_UNIT(*)
PLANE_ANGLE_UNIT()
SI_UNIT($,.RADIAN.)
);
#3134=(
LENGTH_UNIT()
NAMED_UNIT(*)
SI_UNIT($,.METRE.)
);
#3135=(
LENGTH_UNIT()
NAMED_UNIT(*)
SI_UNIT($,.METRE.)
);
#3136=PRODUCT_DEFINITION_SHAPE('','',#3138);
#3137=PRODUCT_DEFINITION_SHAPE('','',#3139);
#3138=PRODUCT_DEFINITION('','',#3142,#3140);
#3139=PRODUCT_DEFINITION('','',#3143,#3141);
#3140=PRODUCT_DEFINITION_CONTEXT('',#3154,'design');
#3141=PRODUCT_DEFINITION_CONTEXT('',#3155,'design');
#3142=PRODUCT_DEFINITION_FORMATION_WITH_SPECIFIED_SOURCE('','',#3146,
 .NOT_KNOWN.);
#3143=PRODUCT_DEFINITION_FORMATION_WITH_SPECIFIED_SOURCE('','',#3147,
 .NOT_KNOWN.);
#3144=PRODUCT_RELATED_PRODUCT_CATEGORY('','',(#3146));
#3145=PRODUCT_RELATED_PRODUCT_CATEGORY('','',(#3147));
#3146=PRODUCT('Part 2','Part 2','Part 2',(#3150));
#3147=PRODUCT('Part 1','Part 1','Part 1',(#3151));
#3148=PRODUCT_CATEGORY('','');
#3149=PRODUCT_CATEGORY('','');
#3150=PRODUCT_CONTEXT('',#3154,'mechanical');
#3151=PRODUCT_CONTEXT('',#3155,'mechanical');
#3152=APPLICATION_PROTOCOL_DEFINITION('international standard',
'ap242_managed_model_based_3d_engineering',2020,#3154);
#3153=APPLICATION_PROTOCOL_DEFINITION('international standard',
'ap242_managed_model_based_3d_engineering',2020,#3155);
#3154=APPLICATION_CONTEXT('managed model based 3d engineering');
#3155=APPLICATION_CONTEXT('managed model based 3d engineering');
ENDSEC;
END-ISO-10303-21;
