ISO-10303-21;
HEADER;
/* Generated by software containing ST-Developer
 * from STEP Tools, Inc. (www.steptools.com) 
 */
/* OPTION: using custom renumber hook */

FILE_DESCRIPTION(
/* description */ ('STEP AP242 Edition 2',
'CAx-IF Rec.Pracs.---Representation and Presentation of Product Manufa
cturing Information (PMI)---4.0---2014-10-13',
'CAx-IF Rec.Pracs.---3D Tessellated Geometry---0.4---2014-09-14','2;1',
'CAx-IF Rec.Pracs.---User Defined Attributes---1.5---2016-08-15'),
/* implementation_level */ '2;1');

FILE_NAME(
/* name */ '6a85e42b9527ea1a9f6e5ace',
/* time_stamp */ '2026-08-19T17:13:15Z',
/* author */ (''),
/* organization */ (''),
/* preprocessor_version */ 'ST-DEVELOPER v20',
/* originating_system */ 'ONSHAPE BY PTC INC, 1.219',
/* authorisation */ '  ');

FILE_SCHEMA (('AP242_MANAGED_MODEL_BASED_3D_ENGINEERING_MIM_LF { 1 0 10303 442 3 1 4 }'));
ENDSEC;

DATA;
#10=CONTEXT_DEPENDENT_SHAPE_REPRESENTATION(#14,#3150);
#11=CONTEXT_DEPENDENT_SHAPE_REPRESENTATION(#15,#3152);
#12=NEXT_ASSEMBLY_USAGE_OCCURRENCE('NAUO1','Part 2','Part 2',#3153,#3154,
'');
#13=NEXT_ASSEMBLY_USAGE_OCCURRENCE('NAUO2','Part 1','Part 1',#3153,#3155,
'');
#14=(
REPRESENTATION_RELATIONSHIP(' ',' ',#1880,#1879)
REPRESENTATION_RELATIONSHIP_WITH_TRANSFORMATION(#16)
SHAPE_REPRESENTATION_RELATIONSHIP()
);
#15=(
REPRESENTATION_RELATIONSHIP(' ',' ',#1881,#1879)
REPRESENTATION_RELATIONSHIP_WITH_TRANSFORMATION(#17)
SHAPE_REPRESENTATION_RELATIONSHIP()
);
#16=ITEM_DEFINED_TRANSFORMATION(' ',' ',#1882,#2050);
#17=ITEM_DEFINED_TRANSFORMATION(' ',' ',#1882,#2069);
#18=SHAPE_REPRESENTATION_RELATIONSHIP('','',#1880,#20);
#19=SHAPE_REPRESENTATION_RELATIONSHIP('','',#1881,#21);
#20=ADVANCED_BREP_SHAPE_REPRESENTATION('',(#1874),#3140);
#21=ADVANCED_BREP_SHAPE_REPRESENTATION('',(#1875),#3141);
#22=CIRCLE('',#1890,0.00145);
#23=CIRCLE('',#1891,0.00145);
#24=CIRCLE('',#1893,0.00145);
#25=CIRCLE('',#1894,0.00145);
#26=CIRCLE('',#1896,0.00145);
#27=CIRCLE('',#1897,0.00145);
#28=CIRCLE('',#1899,0.00145);
#29=CIRCLE('',#1900,0.00145);
#30=CIRCLE('',#1904,0.00235);
#31=CIRCLE('',#1905,0.00235);
#32=CIRCLE('',#1906,0.00235);
#33=CIRCLE('',#1907,0.00235);
#34=CIRCLE('',#1909,0.000500000000000007);
#35=CIRCLE('',#1910,0.0005);
#36=CIRCLE('',#1911,0.0005);
#37=CIRCLE('',#1912,0.0005);
#38=CIRCLE('',#1913,0.0005);
#39=CIRCLE('',#1914,0.0005);
#40=CIRCLE('',#1915,0.0005);
#41=CIRCLE('',#1916,0.0005);
#42=CIRCLE('',#1917,0.0005);
#43=CIRCLE('',#1918,0.0005);
#44=CIRCLE('',#1919,0.0005);
#45=CIRCLE('',#1920,0.000500000000000007);
#46=CIRCLE('',#1921,0.0005);
#47=CIRCLE('',#1922,0.0005);
#48=CIRCLE('',#1923,0.0005);
#49=CIRCLE('',#1924,0.0005);
#50=CIRCLE('',#1925,0.0005);
#51=CIRCLE('',#1926,0.0005);
#52=CIRCLE('',#1927,0.0005);
#53=CIRCLE('',#1928,0.0005);
#54=CIRCLE('',#1929,0.0005);
#55=CIRCLE('',#1930,0.0005);
#56=CIRCLE('',#1931,0.0005);
#57=CIRCLE('',#1932,0.0005);
#58=CIRCLE('',#1933,0.0005);
#59=CIRCLE('',#1934,0.000500000000000007);
#60=CIRCLE('',#1935,0.0005);
#61=CIRCLE('',#1936,0.0005);
#62=CIRCLE('',#1937,0.0005);
#63=CIRCLE('',#1938,0.0005);
#64=CIRCLE('',#1939,0.000500000000000007);
#65=CIRCLE('',#1940,0.0005);
#66=CIRCLE('',#1942,0.000500000000000007);
#67=CIRCLE('',#1943,0.0005);
#68=CIRCLE('',#1944,0.0005);
#69=CIRCLE('',#1945,0.0005);
#70=CIRCLE('',#1946,0.0005);
#71=CIRCLE('',#1947,0.0005);
#72=CIRCLE('',#1948,0.0005);
#73=CIRCLE('',#1949,0.0005);
#74=CIRCLE('',#1950,0.0005);
#75=CIRCLE('',#1951,0.000500000000000007);
#76=CIRCLE('',#1952,0.0005);
#77=CIRCLE('',#1953,0.0005);
#78=CIRCLE('',#1954,0.0005);
#79=CIRCLE('',#1955,0.0005);
#80=CIRCLE('',#1956,0.0005);
#81=CIRCLE('',#1957,0.0005);
#82=CIRCLE('',#1958,0.0005);
#83=CIRCLE('',#1959,0.0005);
#84=CIRCLE('',#1960,0.0005);
#85=CIRCLE('',#1961,0.0005);
#86=CIRCLE('',#1962,0.0005);
#87=CIRCLE('',#1963,0.0005);
#88=CIRCLE('',#1964,0.0005);
#89=CIRCLE('',#1965,0.0005);
#90=CIRCLE('',#1966,0.0005);
#91=CIRCLE('',#1967,0.0005);
#92=CIRCLE('',#1968,0.0005);
#93=CIRCLE('',#1969,0.000500000000000007);
#94=CIRCLE('',#1970,0.0005);
#95=CIRCLE('',#1971,0.0005);
#96=CIRCLE('',#1972,0.000500000000000007);
#97=CIRCLE('',#1973,0.0005);
#98=CIRCLE('',#2039,0.00235);
#99=CIRCLE('',#2042,0.00235);
#100=CIRCLE('',#2045,0.00235);
#101=CIRCLE('',#2048,0.00235);
#102=CIRCLE('',#2056,0.00235);
#103=CIRCLE('',#2057,0.00235);
#104=CIRCLE('',#2058,0.00235);
#105=CIRCLE('',#2059,0.00235);
#106=CIRCLE('',#2061,0.00235);
#107=CIRCLE('',#2062,0.00235);
#108=CIRCLE('',#2063,0.00235);
#109=CIRCLE('',#2064,0.00235);
#110=CYLINDRICAL_SURFACE('',#1889,0.00145);
#111=CYLINDRICAL_SURFACE('',#1892,0.00145);
#112=CYLINDRICAL_SURFACE('',#1895,0.00145);
#113=CYLINDRICAL_SURFACE('',#1898,0.00145);
#114=CYLINDRICAL_SURFACE('',#1982,0.0005);
#115=CYLINDRICAL_SURFACE('',#1984,0.0005);
#116=CYLINDRICAL_SURFACE('',#1986,0.0005);
#117=CYLINDRICAL_SURFACE('',#1988,0.000500000000000007);
#118=CYLINDRICAL_SURFACE('',#1989,0.0005);
#119=CYLINDRICAL_SURFACE('',#1991,0.0005);
#120=CYLINDRICAL_SURFACE('',#1993,0.0005);
#121=CYLINDRICAL_SURFACE('',#1995,0.0005);
#122=CYLINDRICAL_SURFACE('',#1996,0.0005);
#123=CYLINDRICAL_SURFACE('',#1998,0.0005);
#124=CYLINDRICAL_SURFACE('',#2000,0.000500000000000007);
#125=CYLINDRICAL_SURFACE('',#2002,0.0005);
#126=CYLINDRICAL_SURFACE('',#2003,0.0005);
#127=CYLINDRICAL_SURFACE('',#2005,0.0005);
#128=CYLINDRICAL_SURFACE('',#2007,0.0005);
#129=CYLINDRICAL_SURFACE('',#2009,0.0005);
#130=CYLINDRICAL_SURFACE('',#2010,0.0005);
#131=CYLINDRICAL_SURFACE('',#2012,0.0005);
#132=CYLINDRICAL_SURFACE('',#2014,0.0005);
#133=CYLINDRICAL_SURFACE('',#2016,0.0005);
#134=CYLINDRICAL_SURFACE('',#2017,0.0005);
#135=CYLINDRICAL_SURFACE('',#2019,0.0005);
#136=CYLINDRICAL_SURFACE('',#2021,0.0005);
#137=CYLINDRICAL_SURFACE('',#2023,0.0005);
#138=CYLINDRICAL_SURFACE('',#2024,0.000500000000000007);
#139=CYLINDRICAL_SURFACE('',#2026,0.0005);
#140=CYLINDRICAL_SURFACE('',#2028,0.0005);
#141=CYLINDRICAL_SURFACE('',#2030,0.0005);
#142=CYLINDRICAL_SURFACE('',#2031,0.0005);
#143=CYLINDRICAL_SURFACE('',#2033,0.000500000000000007);
#144=CYLINDRICAL_SURFACE('',#2035,0.0005);
#145=CYLINDRICAL_SURFACE('',#2037,0.0005);
#146=CYLINDRICAL_SURFACE('',#2038,0.00235);
#147=CYLINDRICAL_SURFACE('',#2041,0.00235);
#148=CYLINDRICAL_SURFACE('',#2044,0.00235);
#149=CYLINDRICAL_SURFACE('',#2047,0.00235);
#150=CYLINDRICAL_SURFACE('',#2065,0.00235);
#151=CYLINDRICAL_SURFACE('',#2066,0.00235);
#152=CYLINDRICAL_SURFACE('',#2067,0.00235);
#153=CYLINDRICAL_SURFACE('',#2068,0.00235);
#154=ORIENTED_EDGE('',*,*,#658,.F.);
#155=ORIENTED_EDGE('',*,*,#659,.F.);
#156=ORIENTED_EDGE('',*,*,#660,.T.);
#157=ORIENTED_EDGE('',*,*,#661,.T.);
#158=ORIENTED_EDGE('',*,*,#662,.T.);
#159=ORIENTED_EDGE('',*,*,#663,.F.);
#160=ORIENTED_EDGE('',*,*,#664,.F.);
#161=ORIENTED_EDGE('',*,*,#659,.T.);
#162=ORIENTED_EDGE('',*,*,#665,.T.);
#163=ORIENTED_EDGE('',*,*,#666,.F.);
#164=ORIENTED_EDGE('',*,*,#667,.F.);
#165=ORIENTED_EDGE('',*,*,#663,.T.);
#166=ORIENTED_EDGE('',*,*,#668,.F.);
#167=ORIENTED_EDGE('',*,*,#669,.F.);
#168=ORIENTED_EDGE('',*,*,#670,.T.);
#169=ORIENTED_EDGE('',*,*,#671,.T.);
#170=ORIENTED_EDGE('',*,*,#672,.T.);
#171=ORIENTED_EDGE('',*,*,#673,.F.);
#172=ORIENTED_EDGE('',*,*,#674,.F.);
#173=ORIENTED_EDGE('',*,*,#669,.T.);
#174=ORIENTED_EDGE('',*,*,#675,.T.);
#175=ORIENTED_EDGE('',*,*,#676,.F.);
#176=ORIENTED_EDGE('',*,*,#677,.F.);
#177=ORIENTED_EDGE('',*,*,#673,.T.);
#178=ORIENTED_EDGE('',*,*,#678,.F.);
#179=ORIENTED_EDGE('',*,*,#679,.F.);
#180=ORIENTED_EDGE('',*,*,#680,.F.);
#181=ORIENTED_EDGE('',*,*,#681,.F.);
#182=ORIENTED_EDGE('',*,*,#682,.F.);
#183=ORIENTED_EDGE('',*,*,#683,.F.);
#184=ORIENTED_EDGE('',*,*,#684,.F.);
#185=ORIENTED_EDGE('',*,*,#685,.F.);
#186=ORIENTED_EDGE('',*,*,#686,.F.);
#187=ORIENTED_EDGE('',*,*,#671,.F.);
#188=ORIENTED_EDGE('',*,*,#687,.T.);
#189=ORIENTED_EDGE('',*,*,#676,.T.);
#190=ORIENTED_EDGE('',*,*,#688,.F.);
#191=ORIENTED_EDGE('',*,*,#661,.F.);
#192=ORIENTED_EDGE('',*,*,#689,.T.);
#193=ORIENTED_EDGE('',*,*,#666,.T.);
#194=ORIENTED_EDGE('',*,*,#690,.T.);
#195=ORIENTED_EDGE('',*,*,#691,.T.);
#196=ORIENTED_EDGE('',*,*,#692,.T.);
#197=ORIENTED_EDGE('',*,*,#693,.T.);
#198=ORIENTED_EDGE('',*,*,#668,.T.);
#199=ORIENTED_EDGE('',*,*,#686,.T.);
#200=ORIENTED_EDGE('',*,*,#675,.F.);
#201=ORIENTED_EDGE('',*,*,#672,.F.);
#202=ORIENTED_EDGE('',*,*,#658,.T.);
#203=ORIENTED_EDGE('',*,*,#688,.T.);
#204=ORIENTED_EDGE('',*,*,#665,.F.);
#205=ORIENTED_EDGE('',*,*,#662,.F.);
#206=ORIENTED_EDGE('',*,*,#670,.F.);
#207=ORIENTED_EDGE('',*,*,#674,.T.);
#208=ORIENTED_EDGE('',*,*,#677,.T.);
#209=ORIENTED_EDGE('',*,*,#687,.F.);
#210=ORIENTED_EDGE('',*,*,#694,.T.);
#211=ORIENTED_EDGE('',*,*,#695,.T.);
#212=ORIENTED_EDGE('',*,*,#696,.T.);
#213=ORIENTED_EDGE('',*,*,#697,.T.);
#214=ORIENTED_EDGE('',*,*,#698,.T.);
#215=ORIENTED_EDGE('',*,*,#699,.F.);
#216=ORIENTED_EDGE('',*,*,#700,.T.);
#217=ORIENTED_EDGE('',*,*,#701,.F.);
#218=ORIENTED_EDGE('',*,*,#702,.T.);
#219=ORIENTED_EDGE('',*,*,#703,.T.);
#220=ORIENTED_EDGE('',*,*,#704,.T.);
#221=ORIENTED_EDGE('',*,*,#705,.T.);
#222=ORIENTED_EDGE('',*,*,#706,.T.);
#223=ORIENTED_EDGE('',*,*,#707,.F.);
#224=ORIENTED_EDGE('',*,*,#708,.T.);
#225=ORIENTED_EDGE('',*,*,#709,.F.);
#226=ORIENTED_EDGE('',*,*,#710,.T.);
#227=ORIENTED_EDGE('',*,*,#711,.T.);
#228=ORIENTED_EDGE('',*,*,#712,.T.);
#229=ORIENTED_EDGE('',*,*,#713,.T.);
#230=ORIENTED_EDGE('',*,*,#714,.T.);
#231=ORIENTED_EDGE('',*,*,#715,.F.);
#232=ORIENTED_EDGE('',*,*,#716,.T.);
#233=ORIENTED_EDGE('',*,*,#717,.F.);
#234=ORIENTED_EDGE('',*,*,#718,.T.);
#235=ORIENTED_EDGE('',*,*,#719,.T.);
#236=ORIENTED_EDGE('',*,*,#720,.T.);
#237=ORIENTED_EDGE('',*,*,#721,.T.);
#238=ORIENTED_EDGE('',*,*,#722,.T.);
#239=ORIENTED_EDGE('',*,*,#723,.F.);
#240=ORIENTED_EDGE('',*,*,#724,.T.);
#241=ORIENTED_EDGE('',*,*,#725,.F.);
#242=ORIENTED_EDGE('',*,*,#726,.T.);
#243=ORIENTED_EDGE('',*,*,#727,.T.);
#244=ORIENTED_EDGE('',*,*,#728,.T.);
#245=ORIENTED_EDGE('',*,*,#729,.T.);
#246=ORIENTED_EDGE('',*,*,#730,.T.);
#247=ORIENTED_EDGE('',*,*,#731,.F.);
#248=ORIENTED_EDGE('',*,*,#732,.T.);
#249=ORIENTED_EDGE('',*,*,#733,.F.);
#250=ORIENTED_EDGE('',*,*,#734,.T.);
#251=ORIENTED_EDGE('',*,*,#735,.T.);
#252=ORIENTED_EDGE('',*,*,#736,.T.);
#253=ORIENTED_EDGE('',*,*,#737,.T.);
#254=ORIENTED_EDGE('',*,*,#738,.T.);
#255=ORIENTED_EDGE('',*,*,#739,.F.);
#256=ORIENTED_EDGE('',*,*,#740,.T.);
#257=ORIENTED_EDGE('',*,*,#741,.F.);
#258=ORIENTED_EDGE('',*,*,#742,.T.);
#259=ORIENTED_EDGE('',*,*,#743,.T.);
#260=ORIENTED_EDGE('',*,*,#744,.T.);
#261=ORIENTED_EDGE('',*,*,#745,.T.);
#262=ORIENTED_EDGE('',*,*,#746,.T.);
#263=ORIENTED_EDGE('',*,*,#747,.F.);
#264=ORIENTED_EDGE('',*,*,#748,.T.);
#265=ORIENTED_EDGE('',*,*,#749,.F.);
#266=ORIENTED_EDGE('',*,*,#750,.T.);
#267=ORIENTED_EDGE('',*,*,#751,.T.);
#268=ORIENTED_EDGE('',*,*,#752,.T.);
#269=ORIENTED_EDGE('',*,*,#753,.T.);
#270=ORIENTED_EDGE('',*,*,#754,.T.);
#271=ORIENTED_EDGE('',*,*,#755,.F.);
#272=ORIENTED_EDGE('',*,*,#756,.T.);
#273=ORIENTED_EDGE('',*,*,#757,.F.);
#274=ORIENTED_EDGE('',*,*,#685,.T.);
#275=ORIENTED_EDGE('',*,*,#683,.T.);
#276=ORIENTED_EDGE('',*,*,#679,.T.);
#277=ORIENTED_EDGE('',*,*,#681,.T.);
#278=ORIENTED_EDGE('',*,*,#660,.F.);
#279=ORIENTED_EDGE('',*,*,#664,.T.);
#280=ORIENTED_EDGE('',*,*,#667,.T.);
#281=ORIENTED_EDGE('',*,*,#689,.F.);
#282=ORIENTED_EDGE('',*,*,#758,.F.);
#283=ORIENTED_EDGE('',*,*,#759,.T.);
#284=ORIENTED_EDGE('',*,*,#760,.F.);
#285=ORIENTED_EDGE('',*,*,#761,.T.);
#286=ORIENTED_EDGE('',*,*,#762,.F.);
#287=ORIENTED_EDGE('',*,*,#763,.F.);
#288=ORIENTED_EDGE('',*,*,#764,.F.);
#289=ORIENTED_EDGE('',*,*,#765,.F.);
#290=ORIENTED_EDGE('',*,*,#766,.F.);
#291=ORIENTED_EDGE('',*,*,#767,.T.);
#292=ORIENTED_EDGE('',*,*,#768,.F.);
#293=ORIENTED_EDGE('',*,*,#769,.T.);
#294=ORIENTED_EDGE('',*,*,#770,.F.);
#295=ORIENTED_EDGE('',*,*,#771,.F.);
#296=ORIENTED_EDGE('',*,*,#772,.F.);
#297=ORIENTED_EDGE('',*,*,#773,.F.);
#298=ORIENTED_EDGE('',*,*,#774,.F.);
#299=ORIENTED_EDGE('',*,*,#775,.T.);
#300=ORIENTED_EDGE('',*,*,#776,.F.);
#301=ORIENTED_EDGE('',*,*,#777,.T.);
#302=ORIENTED_EDGE('',*,*,#778,.F.);
#303=ORIENTED_EDGE('',*,*,#779,.F.);
#304=ORIENTED_EDGE('',*,*,#780,.F.);
#305=ORIENTED_EDGE('',*,*,#781,.F.);
#306=ORIENTED_EDGE('',*,*,#782,.F.);
#307=ORIENTED_EDGE('',*,*,#783,.T.);
#308=ORIENTED_EDGE('',*,*,#784,.F.);
#309=ORIENTED_EDGE('',*,*,#785,.T.);
#310=ORIENTED_EDGE('',*,*,#786,.F.);
#311=ORIENTED_EDGE('',*,*,#787,.F.);
#312=ORIENTED_EDGE('',*,*,#788,.F.);
#313=ORIENTED_EDGE('',*,*,#789,.F.);
#314=ORIENTED_EDGE('',*,*,#790,.F.);
#315=ORIENTED_EDGE('',*,*,#791,.T.);
#316=ORIENTED_EDGE('',*,*,#792,.F.);
#317=ORIENTED_EDGE('',*,*,#793,.T.);
#318=ORIENTED_EDGE('',*,*,#794,.F.);
#319=ORIENTED_EDGE('',*,*,#795,.F.);
#320=ORIENTED_EDGE('',*,*,#796,.F.);
#321=ORIENTED_EDGE('',*,*,#797,.F.);
#322=ORIENTED_EDGE('',*,*,#798,.F.);
#323=ORIENTED_EDGE('',*,*,#799,.T.);
#324=ORIENTED_EDGE('',*,*,#800,.F.);
#325=ORIENTED_EDGE('',*,*,#801,.T.);
#326=ORIENTED_EDGE('',*,*,#802,.F.);
#327=ORIENTED_EDGE('',*,*,#803,.F.);
#328=ORIENTED_EDGE('',*,*,#804,.F.);
#329=ORIENTED_EDGE('',*,*,#805,.F.);
#330=ORIENTED_EDGE('',*,*,#806,.F.);
#331=ORIENTED_EDGE('',*,*,#807,.T.);
#332=ORIENTED_EDGE('',*,*,#808,.F.);
#333=ORIENTED_EDGE('',*,*,#809,.T.);
#334=ORIENTED_EDGE('',*,*,#810,.F.);
#335=ORIENTED_EDGE('',*,*,#811,.F.);
#336=ORIENTED_EDGE('',*,*,#812,.F.);
#337=ORIENTED_EDGE('',*,*,#813,.F.);
#338=ORIENTED_EDGE('',*,*,#814,.F.);
#339=ORIENTED_EDGE('',*,*,#815,.T.);
#340=ORIENTED_EDGE('',*,*,#816,.F.);
#341=ORIENTED_EDGE('',*,*,#817,.T.);
#342=ORIENTED_EDGE('',*,*,#818,.F.);
#343=ORIENTED_EDGE('',*,*,#819,.F.);
#344=ORIENTED_EDGE('',*,*,#820,.F.);
#345=ORIENTED_EDGE('',*,*,#821,.F.);
#346=ORIENTED_EDGE('',*,*,#751,.F.);
#347=ORIENTED_EDGE('',*,*,#822,.F.);
#348=ORIENTED_EDGE('',*,*,#821,.T.);
#349=ORIENTED_EDGE('',*,*,#823,.T.);
#350=ORIENTED_EDGE('',*,*,#695,.F.);
#351=ORIENTED_EDGE('',*,*,#824,.F.);
#352=ORIENTED_EDGE('',*,*,#765,.T.);
#353=ORIENTED_EDGE('',*,*,#825,.T.);
#354=ORIENTED_EDGE('',*,*,#703,.F.);
#355=ORIENTED_EDGE('',*,*,#826,.F.);
#356=ORIENTED_EDGE('',*,*,#773,.T.);
#357=ORIENTED_EDGE('',*,*,#827,.T.);
#358=ORIENTED_EDGE('',*,*,#711,.F.);
#359=ORIENTED_EDGE('',*,*,#828,.F.);
#360=ORIENTED_EDGE('',*,*,#781,.T.);
#361=ORIENTED_EDGE('',*,*,#829,.T.);
#362=ORIENTED_EDGE('',*,*,#719,.F.);
#363=ORIENTED_EDGE('',*,*,#830,.F.);
#364=ORIENTED_EDGE('',*,*,#789,.T.);
#365=ORIENTED_EDGE('',*,*,#831,.T.);
#366=ORIENTED_EDGE('',*,*,#727,.F.);
#367=ORIENTED_EDGE('',*,*,#832,.F.);
#368=ORIENTED_EDGE('',*,*,#797,.T.);
#369=ORIENTED_EDGE('',*,*,#833,.T.);
#370=ORIENTED_EDGE('',*,*,#735,.F.);
#371=ORIENTED_EDGE('',*,*,#834,.F.);
#372=ORIENTED_EDGE('',*,*,#805,.T.);
#373=ORIENTED_EDGE('',*,*,#835,.T.);
#374=ORIENTED_EDGE('',*,*,#743,.F.);
#375=ORIENTED_EDGE('',*,*,#836,.F.);
#376=ORIENTED_EDGE('',*,*,#813,.T.);
#377=ORIENTED_EDGE('',*,*,#837,.T.);
#378=ORIENTED_EDGE('',*,*,#696,.F.);
#379=ORIENTED_EDGE('',*,*,#825,.F.);
#380=ORIENTED_EDGE('',*,*,#764,.T.);
#381=ORIENTED_EDGE('',*,*,#838,.T.);
#382=ORIENTED_EDGE('',*,*,#697,.F.);
#383=ORIENTED_EDGE('',*,*,#838,.F.);
#384=ORIENTED_EDGE('',*,*,#763,.T.);
#385=ORIENTED_EDGE('',*,*,#839,.T.);
#386=ORIENTED_EDGE('',*,*,#698,.F.);
#387=ORIENTED_EDGE('',*,*,#839,.F.);
#388=ORIENTED_EDGE('',*,*,#762,.T.);
#389=ORIENTED_EDGE('',*,*,#840,.T.);
#390=ORIENTED_EDGE('',*,*,#699,.T.);
#391=ORIENTED_EDGE('',*,*,#840,.F.);
#392=ORIENTED_EDGE('',*,*,#761,.F.);
#393=ORIENTED_EDGE('',*,*,#841,.T.);
#394=ORIENTED_EDGE('',*,*,#700,.F.);
#395=ORIENTED_EDGE('',*,*,#841,.F.);
#396=ORIENTED_EDGE('',*,*,#760,.T.);
#397=ORIENTED_EDGE('',*,*,#842,.T.);
#398=ORIENTED_EDGE('',*,*,#701,.T.);
#399=ORIENTED_EDGE('',*,*,#842,.F.);
#400=ORIENTED_EDGE('',*,*,#759,.F.);
#401=ORIENTED_EDGE('',*,*,#843,.T.);
#402=ORIENTED_EDGE('',*,*,#694,.F.);
#403=ORIENTED_EDGE('',*,*,#843,.F.);
#404=ORIENTED_EDGE('',*,*,#758,.T.);
#405=ORIENTED_EDGE('',*,*,#824,.T.);
#406=ORIENTED_EDGE('',*,*,#704,.F.);
#407=ORIENTED_EDGE('',*,*,#827,.F.);
#408=ORIENTED_EDGE('',*,*,#772,.T.);
#409=ORIENTED_EDGE('',*,*,#844,.T.);
#410=ORIENTED_EDGE('',*,*,#705,.F.);
#411=ORIENTED_EDGE('',*,*,#844,.F.);
#412=ORIENTED_EDGE('',*,*,#771,.T.);
#413=ORIENTED_EDGE('',*,*,#845,.T.);
#414=ORIENTED_EDGE('',*,*,#706,.F.);
#415=ORIENTED_EDGE('',*,*,#845,.F.);
#416=ORIENTED_EDGE('',*,*,#770,.T.);
#417=ORIENTED_EDGE('',*,*,#846,.T.);
#418=ORIENTED_EDGE('',*,*,#707,.T.);
#419=ORIENTED_EDGE('',*,*,#846,.F.);
#420=ORIENTED_EDGE('',*,*,#769,.F.);
#421=ORIENTED_EDGE('',*,*,#847,.T.);
#422=ORIENTED_EDGE('',*,*,#708,.F.);
#423=ORIENTED_EDGE('',*,*,#847,.F.);
#424=ORIENTED_EDGE('',*,*,#768,.T.);
#425=ORIENTED_EDGE('',*,*,#848,.T.);
#426=ORIENTED_EDGE('',*,*,#709,.T.);
#427=ORIENTED_EDGE('',*,*,#848,.F.);
#428=ORIENTED_EDGE('',*,*,#767,.F.);
#429=ORIENTED_EDGE('',*,*,#849,.T.);
#430=ORIENTED_EDGE('',*,*,#702,.F.);
#431=ORIENTED_EDGE('',*,*,#849,.F.);
#432=ORIENTED_EDGE('',*,*,#766,.T.);
#433=ORIENTED_EDGE('',*,*,#826,.T.);
#434=ORIENTED_EDGE('',*,*,#712,.F.);
#435=ORIENTED_EDGE('',*,*,#829,.F.);
#436=ORIENTED_EDGE('',*,*,#780,.T.);
#437=ORIENTED_EDGE('',*,*,#850,.T.);
#438=ORIENTED_EDGE('',*,*,#713,.F.);
#439=ORIENTED_EDGE('',*,*,#850,.F.);
#440=ORIENTED_EDGE('',*,*,#779,.T.);
#441=ORIENTED_EDGE('',*,*,#851,.T.);
#442=ORIENTED_EDGE('',*,*,#714,.F.);
#443=ORIENTED_EDGE('',*,*,#851,.F.);
#444=ORIENTED_EDGE('',*,*,#778,.T.);
#445=ORIENTED_EDGE('',*,*,#852,.T.);
#446=ORIENTED_EDGE('',*,*,#715,.T.);
#447=ORIENTED_EDGE('',*,*,#852,.F.);
#448=ORIENTED_EDGE('',*,*,#777,.F.);
#449=ORIENTED_EDGE('',*,*,#853,.T.);
#450=ORIENTED_EDGE('',*,*,#716,.F.);
#451=ORIENTED_EDGE('',*,*,#853,.F.);
#452=ORIENTED_EDGE('',*,*,#776,.T.);
#453=ORIENTED_EDGE('',*,*,#854,.T.);
#454=ORIENTED_EDGE('',*,*,#717,.T.);
#455=ORIENTED_EDGE('',*,*,#854,.F.);
#456=ORIENTED_EDGE('',*,*,#775,.F.);
#457=ORIENTED_EDGE('',*,*,#855,.T.);
#458=ORIENTED_EDGE('',*,*,#710,.F.);
#459=ORIENTED_EDGE('',*,*,#855,.F.);
#460=ORIENTED_EDGE('',*,*,#774,.T.);
#461=ORIENTED_EDGE('',*,*,#828,.T.);
#462=ORIENTED_EDGE('',*,*,#720,.F.);
#463=ORIENTED_EDGE('',*,*,#831,.F.);
#464=ORIENTED_EDGE('',*,*,#788,.T.);
#465=ORIENTED_EDGE('',*,*,#856,.T.);
#466=ORIENTED_EDGE('',*,*,#721,.F.);
#467=ORIENTED_EDGE('',*,*,#856,.F.);
#468=ORIENTED_EDGE('',*,*,#787,.T.);
#469=ORIENTED_EDGE('',*,*,#857,.T.);
#470=ORIENTED_EDGE('',*,*,#722,.F.);
#471=ORIENTED_EDGE('',*,*,#857,.F.);
#472=ORIENTED_EDGE('',*,*,#786,.T.);
#473=ORIENTED_EDGE('',*,*,#858,.T.);
#474=ORIENTED_EDGE('',*,*,#723,.T.);
#475=ORIENTED_EDGE('',*,*,#858,.F.);
#476=ORIENTED_EDGE('',*,*,#785,.F.);
#477=ORIENTED_EDGE('',*,*,#859,.T.);
#478=ORIENTED_EDGE('',*,*,#724,.F.);
#479=ORIENTED_EDGE('',*,*,#859,.F.);
#480=ORIENTED_EDGE('',*,*,#784,.T.);
#481=ORIENTED_EDGE('',*,*,#860,.T.);
#482=ORIENTED_EDGE('',*,*,#725,.T.);
#483=ORIENTED_EDGE('',*,*,#860,.F.);
#484=ORIENTED_EDGE('',*,*,#783,.F.);
#485=ORIENTED_EDGE('',*,*,#861,.T.);
#486=ORIENTED_EDGE('',*,*,#718,.F.);
#487=ORIENTED_EDGE('',*,*,#861,.F.);
#488=ORIENTED_EDGE('',*,*,#782,.T.);
#489=ORIENTED_EDGE('',*,*,#830,.T.);
#490=ORIENTED_EDGE('',*,*,#728,.F.);
#491=ORIENTED_EDGE('',*,*,#833,.F.);
#492=ORIENTED_EDGE('',*,*,#796,.T.);
#493=ORIENTED_EDGE('',*,*,#862,.T.);
#494=ORIENTED_EDGE('',*,*,#729,.F.);
#495=ORIENTED_EDGE('',*,*,#862,.F.);
#496=ORIENTED_EDGE('',*,*,#795,.T.);
#497=ORIENTED_EDGE('',*,*,#863,.T.);
#498=ORIENTED_EDGE('',*,*,#730,.F.);
#499=ORIENTED_EDGE('',*,*,#863,.F.);
#500=ORIENTED_EDGE('',*,*,#794,.T.);
#501=ORIENTED_EDGE('',*,*,#864,.T.);
#502=ORIENTED_EDGE('',*,*,#731,.T.);
#503=ORIENTED_EDGE('',*,*,#864,.F.);
#504=ORIENTED_EDGE('',*,*,#793,.F.);
#505=ORIENTED_EDGE('',*,*,#865,.T.);
#506=ORIENTED_EDGE('',*,*,#732,.F.);
#507=ORIENTED_EDGE('',*,*,#865,.F.);
#508=ORIENTED_EDGE('',*,*,#792,.T.);
#509=ORIENTED_EDGE('',*,*,#866,.T.);
#510=ORIENTED_EDGE('',*,*,#733,.T.);
#511=ORIENTED_EDGE('',*,*,#866,.F.);
#512=ORIENTED_EDGE('',*,*,#791,.F.);
#513=ORIENTED_EDGE('',*,*,#867,.T.);
#514=ORIENTED_EDGE('',*,*,#726,.F.);
#515=ORIENTED_EDGE('',*,*,#867,.F.);
#516=ORIENTED_EDGE('',*,*,#790,.T.);
#517=ORIENTED_EDGE('',*,*,#832,.T.);
#518=ORIENTED_EDGE('',*,*,#736,.F.);
#519=ORIENTED_EDGE('',*,*,#835,.F.);
#520=ORIENTED_EDGE('',*,*,#804,.T.);
#521=ORIENTED_EDGE('',*,*,#868,.T.);
#522=ORIENTED_EDGE('',*,*,#737,.F.);
#523=ORIENTED_EDGE('',*,*,#868,.F.);
#524=ORIENTED_EDGE('',*,*,#803,.T.);
#525=ORIENTED_EDGE('',*,*,#869,.T.);
#526=ORIENTED_EDGE('',*,*,#738,.F.);
#527=ORIENTED_EDGE('',*,*,#869,.F.);
#528=ORIENTED_EDGE('',*,*,#802,.T.);
#529=ORIENTED_EDGE('',*,*,#870,.T.);
#530=ORIENTED_EDGE('',*,*,#739,.T.);
#531=ORIENTED_EDGE('',*,*,#870,.F.);
#532=ORIENTED_EDGE('',*,*,#801,.F.);
#533=ORIENTED_EDGE('',*,*,#871,.T.);
#534=ORIENTED_EDGE('',*,*,#740,.F.);
#535=ORIENTED_EDGE('',*,*,#871,.F.);
#536=ORIENTED_EDGE('',*,*,#800,.T.);
#537=ORIENTED_EDGE('',*,*,#872,.T.);
#538=ORIENTED_EDGE('',*,*,#741,.T.);
#539=ORIENTED_EDGE('',*,*,#872,.F.);
#540=ORIENTED_EDGE('',*,*,#799,.F.);
#541=ORIENTED_EDGE('',*,*,#873,.T.);
#542=ORIENTED_EDGE('',*,*,#734,.F.);
#543=ORIENTED_EDGE('',*,*,#873,.F.);
#544=ORIENTED_EDGE('',*,*,#798,.T.);
#545=ORIENTED_EDGE('',*,*,#834,.T.);
#546=ORIENTED_EDGE('',*,*,#744,.F.);
#547=ORIENTED_EDGE('',*,*,#837,.F.);
#548=ORIENTED_EDGE('',*,*,#812,.T.);
#549=ORIENTED_EDGE('',*,*,#874,.T.);
#550=ORIENTED_EDGE('',*,*,#745,.F.);
#551=ORIENTED_EDGE('',*,*,#874,.F.);
#552=ORIENTED_EDGE('',*,*,#811,.T.);
#553=ORIENTED_EDGE('',*,*,#875,.T.);
#554=ORIENTED_EDGE('',*,*,#746,.F.);
#555=ORIENTED_EDGE('',*,*,#875,.F.);
#556=ORIENTED_EDGE('',*,*,#810,.T.);
#557=ORIENTED_EDGE('',*,*,#876,.T.);
#558=ORIENTED_EDGE('',*,*,#747,.T.);
#559=ORIENTED_EDGE('',*,*,#876,.F.);
#560=ORIENTED_EDGE('',*,*,#809,.F.);
#561=ORIENTED_EDGE('',*,*,#877,.T.);
#562=ORIENTED_EDGE('',*,*,#748,.F.);
#563=ORIENTED_EDGE('',*,*,#877,.F.);
#564=ORIENTED_EDGE('',*,*,#808,.T.);
#565=ORIENTED_EDGE('',*,*,#878,.T.);
#566=ORIENTED_EDGE('',*,*,#749,.T.);
#567=ORIENTED_EDGE('',*,*,#878,.F.);
#568=ORIENTED_EDGE('',*,*,#807,.F.);
#569=ORIENTED_EDGE('',*,*,#879,.T.);
#570=ORIENTED_EDGE('',*,*,#742,.F.);
#571=ORIENTED_EDGE('',*,*,#879,.F.);
#572=ORIENTED_EDGE('',*,*,#806,.T.);
#573=ORIENTED_EDGE('',*,*,#836,.T.);
#574=ORIENTED_EDGE('',*,*,#752,.F.);
#575=ORIENTED_EDGE('',*,*,#823,.F.);
#576=ORIENTED_EDGE('',*,*,#820,.T.);
#577=ORIENTED_EDGE('',*,*,#880,.T.);
#578=ORIENTED_EDGE('',*,*,#753,.F.);
#579=ORIENTED_EDGE('',*,*,#880,.F.);
#580=ORIENTED_EDGE('',*,*,#819,.T.);
#581=ORIENTED_EDGE('',*,*,#881,.T.);
#582=ORIENTED_EDGE('',*,*,#754,.F.);
#583=ORIENTED_EDGE('',*,*,#881,.F.);
#584=ORIENTED_EDGE('',*,*,#818,.T.);
#585=ORIENTED_EDGE('',*,*,#882,.T.);
#586=ORIENTED_EDGE('',*,*,#755,.T.);
#587=ORIENTED_EDGE('',*,*,#882,.F.);
#588=ORIENTED_EDGE('',*,*,#817,.F.);
#589=ORIENTED_EDGE('',*,*,#883,.T.);
#590=ORIENTED_EDGE('',*,*,#756,.F.);
#591=ORIENTED_EDGE('',*,*,#883,.F.);
#592=ORIENTED_EDGE('',*,*,#816,.T.);
#593=ORIENTED_EDGE('',*,*,#884,.T.);
#594=ORIENTED_EDGE('',*,*,#757,.T.);
#595=ORIENTED_EDGE('',*,*,#884,.F.);
#596=ORIENTED_EDGE('',*,*,#815,.F.);
#597=ORIENTED_EDGE('',*,*,#885,.T.);
#598=ORIENTED_EDGE('',*,*,#750,.F.);
#599=ORIENTED_EDGE('',*,*,#885,.F.);
#600=ORIENTED_EDGE('',*,*,#814,.T.);
#601=ORIENTED_EDGE('',*,*,#822,.T.);
#602=ORIENTED_EDGE('',*,*,#886,.T.);
#603=ORIENTED_EDGE('',*,*,#693,.F.);
#604=ORIENTED_EDGE('',*,*,#678,.T.);
#605=ORIENTED_EDGE('',*,*,#886,.F.);
#606=ORIENTED_EDGE('',*,*,#887,.T.);
#607=ORIENTED_EDGE('',*,*,#692,.F.);
#608=ORIENTED_EDGE('',*,*,#684,.T.);
#609=ORIENTED_EDGE('',*,*,#887,.F.);
#610=ORIENTED_EDGE('',*,*,#888,.T.);
#611=ORIENTED_EDGE('',*,*,#691,.F.);
#612=ORIENTED_EDGE('',*,*,#682,.T.);
#613=ORIENTED_EDGE('',*,*,#888,.F.);
#614=ORIENTED_EDGE('',*,*,#889,.T.);
#615=ORIENTED_EDGE('',*,*,#690,.F.);
#616=ORIENTED_EDGE('',*,*,#680,.T.);
#617=ORIENTED_EDGE('',*,*,#889,.F.);
#618=ORIENTED_EDGE('',*,*,#890,.F.);
#619=ORIENTED_EDGE('',*,*,#891,.F.);
#620=ORIENTED_EDGE('',*,*,#892,.T.);
#621=ORIENTED_EDGE('',*,*,#893,.T.);
#622=ORIENTED_EDGE('',*,*,#894,.T.);
#623=ORIENTED_EDGE('',*,*,#895,.F.);
#624=ORIENTED_EDGE('',*,*,#896,.F.);
#625=ORIENTED_EDGE('',*,*,#891,.T.);
#626=ORIENTED_EDGE('',*,*,#897,.T.);
#627=ORIENTED_EDGE('',*,*,#898,.F.);
#628=ORIENTED_EDGE('',*,*,#899,.F.);
#629=ORIENTED_EDGE('',*,*,#895,.T.);
#630=ORIENTED_EDGE('',*,*,#900,.F.);
#631=ORIENTED_EDGE('',*,*,#893,.F.);
#632=ORIENTED_EDGE('',*,*,#901,.T.);
#633=ORIENTED_EDGE('',*,*,#898,.T.);
#634=ORIENTED_EDGE('',*,*,#902,.T.);
#635=ORIENTED_EDGE('',*,*,#903,.T.);
#636=ORIENTED_EDGE('',*,*,#904,.T.);
#637=ORIENTED_EDGE('',*,*,#905,.T.);
#638=ORIENTED_EDGE('',*,*,#892,.F.);
#639=ORIENTED_EDGE('',*,*,#896,.T.);
#640=ORIENTED_EDGE('',*,*,#899,.T.);
#641=ORIENTED_EDGE('',*,*,#901,.F.);
#642=ORIENTED_EDGE('',*,*,#906,.T.);
#643=ORIENTED_EDGE('',*,*,#907,.T.);
#644=ORIENTED_EDGE('',*,*,#908,.T.);
#645=ORIENTED_EDGE('',*,*,#909,.T.);
#646=ORIENTED_EDGE('',*,*,#890,.T.);
#647=ORIENTED_EDGE('',*,*,#900,.T.);
#648=ORIENTED_EDGE('',*,*,#897,.F.);
#649=ORIENTED_EDGE('',*,*,#894,.F.);
#650=ORIENTED_EDGE('',*,*,#905,.F.);
#651=ORIENTED_EDGE('',*,*,#909,.F.);
#652=ORIENTED_EDGE('',*,*,#904,.F.);
#653=ORIENTED_EDGE('',*,*,#908,.F.);
#654=ORIENTED_EDGE('',*,*,#903,.F.);
#655=ORIENTED_EDGE('',*,*,#907,.F.);
#656=ORIENTED_EDGE('',*,*,#902,.F.);
#657=ORIENTED_EDGE('',*,*,#906,.F.);
#658=EDGE_CURVE('',#910,#911,#1086,.T.);
#659=EDGE_CURVE('',#912,#910,#1087,.T.);
#660=EDGE_CURVE('',#912,#913,#1088,.T.);
#661=EDGE_CURVE('',#913,#911,#1089,.T.);
#662=EDGE_CURVE('',#910,#914,#1090,.T.);
#663=EDGE_CURVE('',#915,#914,#1091,.T.);
#664=EDGE_CURVE('',#912,#915,#1092,.T.);
#665=EDGE_CURVE('',#914,#916,#1093,.T.);
#666=EDGE_CURVE('',#917,#916,#1094,.T.);
#667=EDGE_CURVE('',#915,#917,#1095,.T.);
#668=EDGE_CURVE('',#918,#919,#1096,.T.);
#669=EDGE_CURVE('',#920,#918,#1097,.T.);
#670=EDGE_CURVE('',#920,#921,#1098,.T.);
#671=EDGE_CURVE('',#921,#919,#1099,.T.);
#672=EDGE_CURVE('',#918,#922,#1100,.T.);
#673=EDGE_CURVE('',#923,#922,#1101,.T.);
#674=EDGE_CURVE('',#920,#923,#1102,.T.);
#675=EDGE_CURVE('',#922,#924,#1103,.T.);
#676=EDGE_CURVE('',#925,#924,#1104,.T.);
#677=EDGE_CURVE('',#923,#925,#1105,.T.);
#678=EDGE_CURVE('',#926,#926,#22,.T.);
#679=EDGE_CURVE('',#927,#927,#23,.F.);
#680=EDGE_CURVE('',#928,#928,#24,.T.);
#681=EDGE_CURVE('',#929,#929,#25,.F.);
#682=EDGE_CURVE('',#930,#930,#26,.T.);
#683=EDGE_CURVE('',#931,#931,#27,.F.);
#684=EDGE_CURVE('',#932,#932,#28,.T.);
#685=EDGE_CURVE('',#933,#933,#29,.F.);
#686=EDGE_CURVE('',#919,#924,#1106,.T.);
#687=EDGE_CURVE('',#921,#925,#1107,.T.);
#688=EDGE_CURVE('',#911,#916,#1108,.T.);
#689=EDGE_CURVE('',#913,#917,#1109,.T.);
#690=EDGE_CURVE('',#934,#934,#30,.T.);
#691=EDGE_CURVE('',#935,#935,#31,.T.);
#692=EDGE_CURVE('',#936,#936,#32,.T.);
#693=EDGE_CURVE('',#937,#937,#33,.T.);
#694=EDGE_CURVE('',#938,#939,#34,.T.);
#695=EDGE_CURVE('',#939,#940,#1110,.T.);
#696=EDGE_CURVE('',#940,#941,#35,.T.);
#697=EDGE_CURVE('',#941,#942,#1111,.T.);
#698=EDGE_CURVE('',#942,#943,#36,.T.);
#699=EDGE_CURVE('',#944,#943,#1112,.T.);
#700=EDGE_CURVE('',#944,#945,#37,.T.);
#701=EDGE_CURVE('',#938,#945,#1113,.T.);
#702=EDGE_CURVE('',#946,#947,#38,.T.);
#703=EDGE_CURVE('',#947,#948,#1114,.T.);
#704=EDGE_CURVE('',#948,#949,#39,.T.);
#705=EDGE_CURVE('',#949,#950,#1115,.T.);
#706=EDGE_CURVE('',#950,#951,#40,.T.);
#707=EDGE_CURVE('',#952,#951,#1116,.T.);
#708=EDGE_CURVE('',#952,#953,#41,.T.);
#709=EDGE_CURVE('',#946,#953,#1117,.T.);
#710=EDGE_CURVE('',#954,#955,#42,.T.);
#711=EDGE_CURVE('',#955,#956,#1118,.T.);
#712=EDGE_CURVE('',#956,#957,#43,.T.);
#713=EDGE_CURVE('',#957,#958,#1119,.T.);
#714=EDGE_CURVE('',#958,#959,#44,.T.);
#715=EDGE_CURVE('',#960,#959,#1120,.T.);
#716=EDGE_CURVE('',#960,#961,#45,.T.);
#717=EDGE_CURVE('',#954,#961,#1121,.T.);
#718=EDGE_CURVE('',#962,#963,#46,.T.);
#719=EDGE_CURVE('',#963,#964,#1122,.T.);
#720=EDGE_CURVE('',#964,#965,#47,.T.);
#721=EDGE_CURVE('',#965,#966,#1123,.T.);
#722=EDGE_CURVE('',#966,#967,#48,.T.);
#723=EDGE_CURVE('',#968,#967,#1124,.T.);
#724=EDGE_CURVE('',#968,#969,#49,.T.);
#725=EDGE_CURVE('',#962,#969,#1125,.T.);
#726=EDGE_CURVE('',#970,#971,#50,.T.);
#727=EDGE_CURVE('',#971,#972,#1126,.T.);
#728=EDGE_CURVE('',#972,#973,#51,.T.);
#729=EDGE_CURVE('',#973,#974,#1127,.T.);
#730=EDGE_CURVE('',#974,#975,#52,.T.);
#731=EDGE_CURVE('',#976,#975,#1128,.T.);
#732=EDGE_CURVE('',#976,#977,#53,.T.);
#733=EDGE_CURVE('',#970,#977,#1129,.T.);
#734=EDGE_CURVE('',#978,#979,#54,.T.);
#735=EDGE_CURVE('',#979,#980,#1130,.T.);
#736=EDGE_CURVE('',#980,#981,#55,.T.);
#737=EDGE_CURVE('',#981,#982,#1131,.T.);
#738=EDGE_CURVE('',#982,#983,#56,.T.);
#739=EDGE_CURVE('',#984,#983,#1132,.T.);
#740=EDGE_CURVE('',#984,#985,#57,.T.);
#741=EDGE_CURVE('',#978,#985,#1133,.T.);
#742=EDGE_CURVE('',#986,#987,#58,.T.);
#743=EDGE_CURVE('',#987,#988,#1134,.T.);
#744=EDGE_CURVE('',#988,#989,#59,.T.);
#745=EDGE_CURVE('',#989,#990,#1135,.T.);
#746=EDGE_CURVE('',#990,#991,#60,.T.);
#747=EDGE_CURVE('',#992,#991,#1136,.T.);
#748=EDGE_CURVE('',#992,#993,#61,.T.);
#749=EDGE_CURVE('',#986,#993,#1137,.T.);
#750=EDGE_CURVE('',#994,#995,#62,.T.);
#751=EDGE_CURVE('',#995,#996,#1138,.T.);
#752=EDGE_CURVE('',#996,#997,#63,.T.);
#753=EDGE_CURVE('',#997,#998,#1139,.T.);
#754=EDGE_CURVE('',#998,#999,#64,.T.);
#755=EDGE_CURVE('',#1000,#999,#1140,.T.);
#756=EDGE_CURVE('',#1000,#1001,#65,.T.);
#757=EDGE_CURVE('',#994,#1001,#1141,.T.);
#758=EDGE_CURVE('',#1002,#1003,#66,.T.);
#759=EDGE_CURVE('',#1002,#1004,#1142,.T.);
#760=EDGE_CURVE('',#1005,#1004,#67,.T.);
#761=EDGE_CURVE('',#1005,#1006,#1143,.T.);
#762=EDGE_CURVE('',#1007,#1006,#68,.T.);
#763=EDGE_CURVE('',#1008,#1007,#1144,.T.);
#764=EDGE_CURVE('',#1009,#1008,#69,.T.);
#765=EDGE_CURVE('',#1003,#1009,#1145,.T.);
#766=EDGE_CURVE('',#1010,#1011,#70,.T.);
#767=EDGE_CURVE('',#1010,#1012,#1146,.T.);
#768=EDGE_CURVE('',#1013,#1012,#71,.T.);
#769=EDGE_CURVE('',#1013,#1014,#1147,.T.);
#770=EDGE_CURVE('',#1015,#1014,#72,.T.);
#771=EDGE_CURVE('',#1016,#1015,#1148,.T.);
#772=EDGE_CURVE('',#1017,#1016,#73,.T.);
#773=EDGE_CURVE('',#1011,#1017,#1149,.T.);
#774=EDGE_CURVE('',#1018,#1019,#74,.T.);
#775=EDGE_CURVE('',#1018,#1020,#1150,.T.);
#776=EDGE_CURVE('',#1021,#1020,#75,.T.);
#777=EDGE_CURVE('',#1021,#1022,#1151,.T.);
#778=EDGE_CURVE('',#1023,#1022,#76,.T.);
#779=EDGE_CURVE('',#1024,#1023,#1152,.T.);
#780=EDGE_CURVE('',#1025,#1024,#77,.T.);
#781=EDGE_CURVE('',#1019,#1025,#1153,.T.);
#782=EDGE_CURVE('',#1026,#1027,#78,.T.);
#783=EDGE_CURVE('',#1026,#1028,#1154,.T.);
#784=EDGE_CURVE('',#1029,#1028,#79,.T.);
#785=EDGE_CURVE('',#1029,#1030,#1155,.T.);
#786=EDGE_CURVE('',#1031,#1030,#80,.T.);
#787=EDGE_CURVE('',#1032,#1031,#1156,.T.);
#788=EDGE_CURVE('',#1033,#1032,#81,.T.);
#789=EDGE_CURVE('',#1027,#1033,#1157,.T.);
#790=EDGE_CURVE('',#1034,#1035,#82,.T.);
#791=EDGE_CURVE('',#1034,#1036,#1158,.T.);
#792=EDGE_CURVE('',#1037,#1036,#83,.T.);
#793=EDGE_CURVE('',#1037,#1038,#1159,.T.);
#794=EDGE_CURVE('',#1039,#1038,#84,.T.);
#795=EDGE_CURVE('',#1040,#1039,#1160,.T.);
#796=EDGE_CURVE('',#1041,#1040,#85,.T.);
#797=EDGE_CURVE('',#1035,#1041,#1161,.T.);
#798=EDGE_CURVE('',#1042,#1043,#86,.T.);
#799=EDGE_CURVE('',#1042,#1044,#1162,.T.);
#800=EDGE_CURVE('',#1045,#1044,#87,.T.);
#801=EDGE_CURVE('',#1045,#1046,#1163,.T.);
#802=EDGE_CURVE('',#1047,#1046,#88,.T.);
#803=EDGE_CURVE('',#1048,#1047,#1164,.T.);
#804=EDGE_CURVE('',#1049,#1048,#89,.T.);
#805=EDGE_CURVE('',#1043,#1049,#1165,.T.);
#806=EDGE_CURVE('',#1050,#1051,#90,.T.);
#807=EDGE_CURVE('',#1050,#1052,#1166,.T.);
#808=EDGE_CURVE('',#1053,#1052,#91,.T.);
#809=EDGE_CURVE('',#1053,#1054,#1167,.T.);
#810=EDGE_CURVE('',#1055,#1054,#92,.T.);
#811=EDGE_CURVE('',#1056,#1055,#1168,.T.);
#812=EDGE_CURVE('',#1057,#1056,#93,.T.);
#813=EDGE_CURVE('',#1051,#1057,#1169,.T.);
#814=EDGE_CURVE('',#1058,#1059,#94,.T.);
#815=EDGE_CURVE('',#1058,#1060,#1170,.T.);
#816=EDGE_CURVE('',#1061,#1060,#95,.T.);
#817=EDGE_CURVE('',#1061,#1062,#1171,.T.);
#818=EDGE_CURVE('',#1063,#1062,#96,.T.);
#819=EDGE_CURVE('',#1064,#1063,#1172,.T.);
#820=EDGE_CURVE('',#1065,#1064,#97,.T.);
#821=EDGE_CURVE('',#1059,#1065,#1173,.T.);
#822=EDGE_CURVE('',#1059,#995,#1174,.T.);
#823=EDGE_CURVE('',#1065,#996,#1175,.T.);
#824=EDGE_CURVE('',#1003,#939,#1176,.T.);
#825=EDGE_CURVE('',#1009,#940,#1177,.T.);
#826=EDGE_CURVE('',#1011,#947,#1178,.T.);
#827=EDGE_CURVE('',#1017,#948,#1179,.T.);
#828=EDGE_CURVE('',#1019,#955,#1180,.T.);
#829=EDGE_CURVE('',#1025,#956,#1181,.T.);
#830=EDGE_CURVE('',#1027,#963,#1182,.T.);
#831=EDGE_CURVE('',#1033,#964,#1183,.T.);
#832=EDGE_CURVE('',#1035,#971,#1184,.T.);
#833=EDGE_CURVE('',#1041,#972,#1185,.T.);
#834=EDGE_CURVE('',#1043,#979,#1186,.T.);
#835=EDGE_CURVE('',#1049,#980,#1187,.T.);
#836=EDGE_CURVE('',#1051,#987,#1188,.T.);
#837=EDGE_CURVE('',#1057,#988,#1189,.T.);
#838=EDGE_CURVE('',#1008,#941,#1190,.T.);
#839=EDGE_CURVE('',#1007,#942,#1191,.T.);
#840=EDGE_CURVE('',#1006,#943,#1192,.T.);
#841=EDGE_CURVE('',#1005,#944,#1193,.T.);
#842=EDGE_CURVE('',#1004,#945,#1194,.T.);
#843=EDGE_CURVE('',#1002,#938,#1195,.T.);
#844=EDGE_CURVE('',#1016,#949,#1196,.T.);
#845=EDGE_CURVE('',#1015,#950,#1197,.T.);
#846=EDGE_CURVE('',#1014,#951,#1198,.T.);
#847=EDGE_CURVE('',#1013,#952,#1199,.T.);
#848=EDGE_CURVE('',#1012,#953,#1200,.T.);
#849=EDGE_CURVE('',#1010,#946,#1201,.T.);
#850=EDGE_CURVE('',#1024,#957,#1202,.T.);
#851=EDGE_CURVE('',#1023,#958,#1203,.T.);
#852=EDGE_CURVE('',#1022,#959,#1204,.T.);
#853=EDGE_CURVE('',#1021,#960,#1205,.T.);
#854=EDGE_CURVE('',#1020,#961,#1206,.T.);
#855=EDGE_CURVE('',#1018,#954,#1207,.T.);
#856=EDGE_CURVE('',#1032,#965,#1208,.T.);
#857=EDGE_CURVE('',#1031,#966,#1209,.T.);
#858=EDGE_CURVE('',#1030,#967,#1210,.T.);
#859=EDGE_CURVE('',#1029,#968,#1211,.T.);
#860=EDGE_CURVE('',#1028,#969,#1212,.T.);
#861=EDGE_CURVE('',#1026,#962,#1213,.T.);
#862=EDGE_CURVE('',#1040,#973,#1214,.T.);
#863=EDGE_CURVE('',#1039,#974,#1215,.T.);
#864=EDGE_CURVE('',#1038,#975,#1216,.T.);
#865=EDGE_CURVE('',#1037,#976,#1217,.T.);
#866=EDGE_CURVE('',#1036,#977,#1218,.T.);
#867=EDGE_CURVE('',#1034,#970,#1219,.T.);
#868=EDGE_CURVE('',#1048,#981,#1220,.T.);
#869=EDGE_CURVE('',#1047,#982,#1221,.T.);
#870=EDGE_CURVE('',#1046,#983,#1222,.T.);
#871=EDGE_CURVE('',#1045,#984,#1223,.T.);
#872=EDGE_CURVE('',#1044,#985,#1224,.T.);
#873=EDGE_CURVE('',#1042,#978,#1225,.T.);
#874=EDGE_CURVE('',#1056,#989,#1226,.T.);
#875=EDGE_CURVE('',#1055,#990,#1227,.T.);
#876=EDGE_CURVE('',#1054,#991,#1228,.T.);
#877=EDGE_CURVE('',#1053,#992,#1229,.T.);
#878=EDGE_CURVE('',#1052,#993,#1230,.T.);
#879=EDGE_CURVE('',#1050,#986,#1231,.T.);
#880=EDGE_CURVE('',#1064,#997,#1232,.T.);
#881=EDGE_CURVE('',#1063,#998,#1233,.T.);
#882=EDGE_CURVE('',#1062,#999,#1234,.T.);
#883=EDGE_CURVE('',#1061,#1000,#1235,.T.);
#884=EDGE_CURVE('',#1060,#1001,#1236,.T.);
#885=EDGE_CURVE('',#1058,#994,#1237,.T.);
#886=EDGE_CURVE('',#1066,#1066,#98,.T.);
#887=EDGE_CURVE('',#1067,#1067,#99,.T.);
#888=EDGE_CURVE('',#1068,#1068,#100,.T.);
#889=EDGE_CURVE('',#1069,#1069,#101,.T.);
#890=EDGE_CURVE('',#1070,#1071,#1238,.T.);
#891=EDGE_CURVE('',#1072,#1070,#1239,.T.);
#892=EDGE_CURVE('',#1072,#1073,#1240,.T.);
#893=EDGE_CURVE('',#1073,#1071,#1241,.T.);
#894=EDGE_CURVE('',#1070,#1074,#1242,.T.);
#895=EDGE_CURVE('',#1075,#1074,#1243,.T.);
#896=EDGE_CURVE('',#1072,#1075,#1244,.T.);
#897=EDGE_CURVE('',#1074,#1076,#1245,.T.);
#898=EDGE_CURVE('',#1077,#1076,#1246,.T.);
#899=EDGE_CURVE('',#1075,#1077,#1247,.T.);
#900=EDGE_CURVE('',#1071,#1076,#1248,.T.);
#901=EDGE_CURVE('',#1073,#1077,#1249,.T.);
#902=EDGE_CURVE('',#1078,#1078,#102,.F.);
#903=EDGE_CURVE('',#1079,#1079,#103,.F.);
#904=EDGE_CURVE('',#1080,#1080,#104,.F.);
#905=EDGE_CURVE('',#1081,#1081,#105,.F.);
#906=EDGE_CURVE('',#1082,#1082,#106,.T.);
#907=EDGE_CURVE('',#1083,#1083,#107,.T.);
#908=EDGE_CURVE('',#1084,#1084,#108,.T.);
#909=EDGE_CURVE('',#1085,#1085,#109,.T.);
#910=VERTEX_POINT('',#2613);
#911=VERTEX_POINT('',#2614);
#912=VERTEX_POINT('',#2616);
#913=VERTEX_POINT('',#2618);
#914=VERTEX_POINT('',#2622);
#915=VERTEX_POINT('',#2624);
#916=VERTEX_POINT('',#2628);
#917=VERTEX_POINT('',#2630);
#918=VERTEX_POINT('',#2634);
#919=VERTEX_POINT('',#2635);
#920=VERTEX_POINT('',#2637);
#921=VERTEX_POINT('',#2639);
#922=VERTEX_POINT('',#2643);
#923=VERTEX_POINT('',#2645);
#924=VERTEX_POINT('',#2649);
#925=VERTEX_POINT('',#2651);
#926=VERTEX_POINT('',#2655);
#927=VERTEX_POINT('',#2657);
#928=VERTEX_POINT('',#2660);
#929=VERTEX_POINT('',#2662);
#930=VERTEX_POINT('',#2665);
#931=VERTEX_POINT('',#2667);
#932=VERTEX_POINT('',#2670);
#933=VERTEX_POINT('',#2672);
#934=VERTEX_POINT('',#2681);
#935=VERTEX_POINT('',#2683);
#936=VERTEX_POINT('',#2685);
#937=VERTEX_POINT('',#2687);
#938=VERTEX_POINT('',#2690);
#939=VERTEX_POINT('',#2691);
#940=VERTEX_POINT('',#2693);
#941=VERTEX_POINT('',#2695);
#942=VERTEX_POINT('',#2697);
#943=VERTEX_POINT('',#2699);
#944=VERTEX_POINT('',#2701);
#945=VERTEX_POINT('',#2703);
#946=VERTEX_POINT('',#2706);
#947=VERTEX_POINT('',#2707);
#948=VERTEX_POINT('',#2709);
#949=VERTEX_POINT('',#2711);
#950=VERTEX_POINT('',#2713);
#951=VERTEX_POINT('',#2715);
#952=VERTEX_POINT('',#2717);
#953=VERTEX_POINT('',#2719);
#954=VERTEX_POINT('',#2722);
#955=VERTEX_POINT('',#2723);
#956=VERTEX_POINT('',#2725);
#957=VERTEX_POINT('',#2727);
#958=VERTEX_POINT('',#2729);
#959=VERTEX_POINT('',#2731);
#960=VERTEX_POINT('',#2733);
#961=VERTEX_POINT('',#2735);
#962=VERTEX_POINT('',#2738);
#963=VERTEX_POINT('',#2739);
#964=VERTEX_POINT('',#2741);
#965=VERTEX_POINT('',#2743);
#966=VERTEX_POINT('',#2745);
#967=VERTEX_POINT('',#2747);
#968=VERTEX_POINT('',#2749);
#969=VERTEX_POINT('',#2751);
#970=VERTEX_POINT('',#2754);
#971=VERTEX_POINT('',#2755);
#972=VERTEX_POINT('',#2757);
#973=VERTEX_POINT('',#2759);
#974=VERTEX_POINT('',#2761);
#975=VERTEX_POINT('',#2763);
#976=VERTEX_POINT('',#2765);
#977=VERTEX_POINT('',#2767);
#978=VERTEX_POINT('',#2770);
#979=VERTEX_POINT('',#2771);
#980=VERTEX_POINT('',#2773);
#981=VERTEX_POINT('',#2775);
#982=VERTEX_POINT('',#2777);
#983=VERTEX_POINT('',#2779);
#984=VERTEX_POINT('',#2781);
#985=VERTEX_POINT('',#2783);
#986=VERTEX_POINT('',#2786);
#987=VERTEX_POINT('',#2787);
#988=VERTEX_POINT('',#2789);
#989=VERTEX_POINT('',#2791);
#990=VERTEX_POINT('',#2793);
#991=VERTEX_POINT('',#2795);
#992=VERTEX_POINT('',#2797);
#993=VERTEX_POINT('',#2799);
#994=VERTEX_POINT('',#2802);
#995=VERTEX_POINT('',#2803);
#996=VERTEX_POINT('',#2805);
#997=VERTEX_POINT('',#2807);
#998=VERTEX_POINT('',#2809);
#999=VERTEX_POINT('',#2811);
#1000=VERTEX_POINT('',#2813);
#1001=VERTEX_POINT('',#2815);
#1002=VERTEX_POINT('',#2819);
#1003=VERTEX_POINT('',#2820);
#1004=VERTEX_POINT('',#2822);
#1005=VERTEX_POINT('',#2824);
#1006=VERTEX_POINT('',#2826);
#1007=VERTEX_POINT('',#2828);
#1008=VERTEX_POINT('',#2830);
#1009=VERTEX_POINT('',#2832);
#1010=VERTEX_POINT('',#2835);
#1011=VERTEX_POINT('',#2836);
#1012=VERTEX_POINT('',#2838);
#1013=VERTEX_POINT('',#2840);
#1014=VERTEX_POINT('',#2842);
#1015=VERTEX_POINT('',#2844);
#1016=VERTEX_POINT('',#2846);
#1017=VERTEX_POINT('',#2848);
#1018=VERTEX_POINT('',#2851);
#1019=VERTEX_POINT('',#2852);
#1020=VERTEX_POINT('',#2854);
#1021=VERTEX_POINT('',#2856);
#1022=VERTEX_POINT('',#2858);
#1023=VERTEX_POINT('',#2860);
#1024=VERTEX_POINT('',#2862);
#1025=VERTEX_POINT('',#2864);
#1026=VERTEX_POINT('',#2867);
#1027=VERTEX_POINT('',#2868);
#1028=VERTEX_POINT('',#2870);
#1029=VERTEX_POINT('',#2872);
#1030=VERTEX_POINT('',#2874);
#1031=VERTEX_POINT('',#2876);
#1032=VERTEX_POINT('',#2878);
#1033=VERTEX_POINT('',#2880);
#1034=VERTEX_POINT('',#2883);
#1035=VERTEX_POINT('',#2884);
#1036=VERTEX_POINT('',#2886);
#1037=VERTEX_POINT('',#2888);
#1038=VERTEX_POINT('',#2890);
#1039=VERTEX_POINT('',#2892);
#1040=VERTEX_POINT('',#2894);
#1041=VERTEX_POINT('',#2896);
#1042=VERTEX_POINT('',#2899);
#1043=VERTEX_POINT('',#2900);
#1044=VERTEX_POINT('',#2902);
#1045=VERTEX_POINT('',#2904);
#1046=VERTEX_POINT('',#2906);
#1047=VERTEX_POINT('',#2908);
#1048=VERTEX_POINT('',#2910);
#1049=VERTEX_POINT('',#2912);
#1050=VERTEX_POINT('',#2915);
#1051=VERTEX_POINT('',#2916);
#1052=VERTEX_POINT('',#2918);
#1053=VERTEX_POINT('',#2920);
#1054=VERTEX_POINT('',#2922);
#1055=VERTEX_POINT('',#2924);
#1056=VERTEX_POINT('',#2926);
#1057=VERTEX_POINT('',#2928);
#1058=VERTEX_POINT('',#2931);
#1059=VERTEX_POINT('',#2932);
#1060=VERTEX_POINT('',#2934);
#1061=VERTEX_POINT('',#2936);
#1062=VERTEX_POINT('',#2938);
#1063=VERTEX_POINT('',#2940);
#1064=VERTEX_POINT('',#2942);
#1065=VERTEX_POINT('',#2944);
#1066=VERTEX_POINT('',#3076);
#1067=VERTEX_POINT('',#3080);
#1068=VERTEX_POINT('',#3084);
#1069=VERTEX_POINT('',#3088);
#1070=VERTEX_POINT('',#3093);
#1071=VERTEX_POINT('',#3094);
#1072=VERTEX_POINT('',#3096);
#1073=VERTEX_POINT('',#3098);
#1074=VERTEX_POINT('',#3102);
#1075=VERTEX_POINT('',#3104);
#1076=VERTEX_POINT('',#3108);
#1077=VERTEX_POINT('',#3110);
#1078=VERTEX_POINT('',#3117);
#1079=VERTEX_POINT('',#3119);
#1080=VERTEX_POINT('',#3121);
#1081=VERTEX_POINT('',#3123);
#1082=VERTEX_POINT('',#3126);
#1083=VERTEX_POINT('',#3128);
#1084=VERTEX_POINT('',#3130);
#1085=VERTEX_POINT('',#3132);
#1086=LINE('',#2612,#1250);
#1087=LINE('',#2615,#1251);
#1088=LINE('',#2617,#1252);
#1089=LINE('',#2619,#1253);
#1090=LINE('',#2621,#1254);
#1091=LINE('',#2623,#1255);
#1092=LINE('',#2625,#1256);
#1093=LINE('',#2627,#1257);
#1094=LINE('',#2629,#1258);
#1095=LINE('',#2631,#1259);
#1096=LINE('',#2633,#1260);
#1097=LINE('',#2636,#1261);
#1098=LINE('',#2638,#1262);
#1099=LINE('',#2640,#1263);
#1100=LINE('',#2642,#1264);
#1101=LINE('',#2644,#1265);
#1102=LINE('',#2646,#1266);
#1103=LINE('',#2648,#1267);
#1104=LINE('',#2650,#1268);
#1105=LINE('',#2652,#1269);
#1106=LINE('',#2674,#1270);
#1107=LINE('',#2675,#1271);
#1108=LINE('',#2677,#1272);
#1109=LINE('',#2678,#1273);
#1110=LINE('',#2692,#1274);
#1111=LINE('',#2696,#1275);
#1112=LINE('',#2700,#1276);
#1113=LINE('',#2704,#1277);
#1114=LINE('',#2708,#1278);
#1115=LINE('',#2712,#1279);
#1116=LINE('',#2716,#1280);
#1117=LINE('',#2720,#1281);
#1118=LINE('',#2724,#1282);
#1119=LINE('',#2728,#1283);
#1120=LINE('',#2732,#1284);
#1121=LINE('',#2736,#1285);
#1122=LINE('',#2740,#1286);
#1123=LINE('',#2744,#1287);
#1124=LINE('',#2748,#1288);
#1125=LINE('',#2752,#1289);
#1126=LINE('',#2756,#1290);
#1127=LINE('',#2760,#1291);
#1128=LINE('',#2764,#1292);
#1129=LINE('',#2768,#1293);
#1130=LINE('',#2772,#1294);
#1131=LINE('',#2776,#1295);
#1132=LINE('',#2780,#1296);
#1133=LINE('',#2784,#1297);
#1134=LINE('',#2788,#1298);
#1135=LINE('',#2792,#1299);
#1136=LINE('',#2796,#1300);
#1137=LINE('',#2800,#1301);
#1138=LINE('',#2804,#1302);
#1139=LINE('',#2808,#1303);
#1140=LINE('',#2812,#1304);
#1141=LINE('',#2816,#1305);
#1142=LINE('',#2821,#1306);
#1143=LINE('',#2825,#1307);
#1144=LINE('',#2829,#1308);
#1145=LINE('',#2833,#1309);
#1146=LINE('',#2837,#1310);
#1147=LINE('',#2841,#1311);
#1148=LINE('',#2845,#1312);
#1149=LINE('',#2849,#1313);
#1150=LINE('',#2853,#1314);
#1151=LINE('',#2857,#1315);
#1152=LINE('',#2861,#1316);
#1153=LINE('',#2865,#1317);
#1154=LINE('',#2869,#1318);
#1155=LINE('',#2873,#1319);
#1156=LINE('',#2877,#1320);
#1157=LINE('',#2881,#1321);
#1158=LINE('',#2885,#1322);
#1159=LINE('',#2889,#1323);
#1160=LINE('',#2893,#1324);
#1161=LINE('',#2897,#1325);
#1162=LINE('',#2901,#1326);
#1163=LINE('',#2905,#1327);
#1164=LINE('',#2909,#1328);
#1165=LINE('',#2913,#1329);
#1166=LINE('',#2917,#1330);
#1167=LINE('',#2921,#1331);
#1168=LINE('',#2925,#1332);
#1169=LINE('',#2929,#1333);
#1170=LINE('',#2933,#1334);
#1171=LINE('',#2937,#1335);
#1172=LINE('',#2941,#1336);
#1173=LINE('',#2945,#1337);
#1174=LINE('',#2947,#1338);
#1175=LINE('',#2948,#1339);
#1176=LINE('',#2950,#1340);
#1177=LINE('',#2951,#1341);
#1178=LINE('',#2953,#1342);
#1179=LINE('',#2954,#1343);
#1180=LINE('',#2956,#1344);
#1181=LINE('',#2957,#1345);
#1182=LINE('',#2959,#1346);
#1183=LINE('',#2960,#1347);
#1184=LINE('',#2962,#1348);
#1185=LINE('',#2963,#1349);
#1186=LINE('',#2965,#1350);
#1187=LINE('',#2966,#1351);
#1188=LINE('',#2968,#1352);
#1189=LINE('',#2969,#1353);
#1190=LINE('',#2971,#1354);
#1191=LINE('',#2973,#1355);
#1192=LINE('',#2975,#1356);
#1193=LINE('',#2977,#1357);
#1194=LINE('',#2979,#1358);
#1195=LINE('',#2981,#1359);
#1196=LINE('',#2984,#1360);
#1197=LINE('',#2986,#1361);
#1198=LINE('',#2988,#1362);
#1199=LINE('',#2990,#1363);
#1200=LINE('',#2992,#1364);
#1201=LINE('',#2994,#1365);
#1202=LINE('',#2997,#1366);
#1203=LINE('',#2999,#1367);
#1204=LINE('',#3001,#1368);
#1205=LINE('',#3003,#1369);
#1206=LINE('',#3005,#1370);
#1207=LINE('',#3007,#1371);
#1208=LINE('',#3010,#1372);
#1209=LINE('',#3012,#1373);
#1210=LINE('',#3014,#1374);
#1211=LINE('',#3016,#1375);
#1212=LINE('',#3018,#1376);
#1213=LINE('',#3020,#1377);
#1214=LINE('',#3023,#1378);
#1215=LINE('',#3025,#1379);
#1216=LINE('',#3027,#1380);
#1217=LINE('',#3029,#1381);
#1218=LINE('',#3031,#1382);
#1219=LINE('',#3033,#1383);
#1220=LINE('',#3036,#1384);
#1221=LINE('',#3038,#1385);
#1222=LINE('',#3040,#1386);
#1223=LINE('',#3042,#1387);
#1224=LINE('',#3044,#1388);
#1225=LINE('',#3046,#1389);
#1226=LINE('',#3049,#1390);
#1227=LINE('',#3051,#1391);
#1228=LINE('',#3053,#1392);
#1229=LINE('',#3055,#1393);
#1230=LINE('',#3057,#1394);
#1231=LINE('',#3059,#1395);
#1232=LINE('',#3062,#1396);
#1233=LINE('',#3064,#1397);
#1234=LINE('',#3066,#1398);
#1235=LINE('',#3068,#1399);
#1236=LINE('',#3070,#1400);
#1237=LINE('',#3072,#1401);
#1238=LINE('',#3092,#1402);
#1239=LINE('',#3095,#1403);
#1240=LINE('',#3097,#1404);
#1241=LINE('',#3099,#1405);
#1242=LINE('',#3101,#1406);
#1243=LINE('',#3103,#1407);
#1244=LINE('',#3105,#1408);
#1245=LINE('',#3107,#1409);
#1246=LINE('',#3109,#1410);
#1247=LINE('',#3111,#1411);
#1248=LINE('',#3113,#1412);
#1249=LINE('',#3114,#1413);
#1250=VECTOR('',#2074,1.);
#1251=VECTOR('',#2075,1.);
#1252=VECTOR('',#2076,1.);
#1253=VECTOR('',#2077,1.);
#1254=VECTOR('',#2080,1.);
#1255=VECTOR('',#2081,1.);
#1256=VECTOR('',#2082,1.);
#1257=VECTOR('',#2085,1.);
#1258=VECTOR('',#2086,1.);
#1259=VECTOR('',#2087,1.);
#1260=VECTOR('',#2090,1.);
#1261=VECTOR('',#2091,1.);
#1262=VECTOR('',#2092,1.);
#1263=VECTOR('',#2093,1.);
#1264=VECTOR('',#2096,1.);
#1265=VECTOR('',#2097,1.);
#1266=VECTOR('',#2098,1.);
#1267=VECTOR('',#2101,1.);
#1268=VECTOR('',#2102,1.);
#1269=VECTOR('',#2103,1.);
#1270=VECTOR('',#2130,1.);
#1271=VECTOR('',#2131,1.);
#1272=VECTOR('',#2134,1.);
#1273=VECTOR('',#2135,1.);
#1274=VECTOR('',#2150,1.);
#1275=VECTOR('',#2153,1.);
#1276=VECTOR('',#2156,1.);
#1277=VECTOR('',#2159,1.);
#1278=VECTOR('',#2162,1.);
#1279=VECTOR('',#2165,1.);
#1280=VECTOR('',#2168,1.);
#1281=VECTOR('',#2171,1.);
#1282=VECTOR('',#2174,1.);
#1283=VECTOR('',#2177,1.);
#1284=VECTOR('',#2180,1.);
#1285=VECTOR('',#2183,1.);
#1286=VECTOR('',#2186,1.);
#1287=VECTOR('',#2189,1.);
#1288=VECTOR('',#2192,1.);
#1289=VECTOR('',#2195,1.);
#1290=VECTOR('',#2198,1.);
#1291=VECTOR('',#2201,1.);
#1292=VECTOR('',#2204,1.);
#1293=VECTOR('',#2207,1.);
#1294=VECTOR('',#2210,1.);
#1295=VECTOR('',#2213,1.);
#1296=VECTOR('',#2216,1.);
#1297=VECTOR('',#2219,1.);
#1298=VECTOR('',#2222,1.);
#1299=VECTOR('',#2225,1.);
#1300=VECTOR('',#2228,1.);
#1301=VECTOR('',#2231,1.);
#1302=VECTOR('',#2234,1.);
#1303=VECTOR('',#2237,1.);
#1304=VECTOR('',#2240,1.);
#1305=VECTOR('',#2243,1.);
#1306=VECTOR('',#2248,1.);
#1307=VECTOR('',#2251,1.);
#1308=VECTOR('',#2254,1.);
#1309=VECTOR('',#2257,1.);
#1310=VECTOR('',#2260,1.);
#1311=VECTOR('',#2263,1.);
#1312=VECTOR('',#2266,1.);
#1313=VECTOR('',#2269,1.);
#1314=VECTOR('',#2272,1.);
#1315=VECTOR('',#2275,1.);
#1316=VECTOR('',#2278,1.);
#1317=VECTOR('',#2281,1.);
#1318=VECTOR('',#2284,1.);
#1319=VECTOR('',#2287,1.);
#1320=VECTOR('',#2290,1.);
#1321=VECTOR('',#2293,1.);
#1322=VECTOR('',#2296,1.);
#1323=VECTOR('',#2299,1.);
#1324=VECTOR('',#2302,1.);
#1325=VECTOR('',#2305,1.);
#1326=VECTOR('',#2308,1.);
#1327=VECTOR('',#2311,1.);
#1328=VECTOR('',#2314,1.);
#1329=VECTOR('',#2317,1.);
#1330=VECTOR('',#2320,1.);
#1331=VECTOR('',#2323,1.);
#1332=VECTOR('',#2326,1.);
#1333=VECTOR('',#2329,1.);
#1334=VECTOR('',#2332,1.);
#1335=VECTOR('',#2335,1.);
#1336=VECTOR('',#2338,1.);
#1337=VECTOR('',#2341,1.);
#1338=VECTOR('',#2344,1.);
#1339=VECTOR('',#2345,1.);
#1340=VECTOR('',#2348,1.);
#1341=VECTOR('',#2349,1.);
#1342=VECTOR('',#2352,1.);
#1343=VECTOR('',#2353,1.);
#1344=VECTOR('',#2356,1.);
#1345=VECTOR('',#2357,1.);
#1346=VECTOR('',#2360,1.);
#1347=VECTOR('',#2361,1.);
#1348=VECTOR('',#2364,1.);
#1349=VECTOR('',#2365,1.);
#1350=VECTOR('',#2368,1.);
#1351=VECTOR('',#2369,1.);
#1352=VECTOR('',#2372,1.);
#1353=VECTOR('',#2373,1.);
#1354=VECTOR('',#2376,1.);
#1355=VECTOR('',#2379,1.);
#1356=VECTOR('',#2382,1.);
#1357=VECTOR('',#2385,1.);
#1358=VECTOR('',#2388,1.);
#1359=VECTOR('',#2391,1.);
#1360=VECTOR('',#2396,1.);
#1361=VECTOR('',#2399,1.);
#1362=VECTOR('',#2402,1.);
#1363=VECTOR('',#2405,1.);
#1364=VECTOR('',#2408,1.);
#1365=VECTOR('',#2411,1.);
#1366=VECTOR('',#2416,1.);
#1367=VECTOR('',#2419,1.);
#1368=VECTOR('',#2422,1.);
#1369=VECTOR('',#2425,1.);
#1370=VECTOR('',#2428,1.);
#1371=VECTOR('',#2431,1.);
#1372=VECTOR('',#2436,1.);
#1373=VECTOR('',#2439,1.);
#1374=VECTOR('',#2442,1.);
#1375=VECTOR('',#2445,1.);
#1376=VECTOR('',#2448,1.);
#1377=VECTOR('',#2451,1.);
#1378=VECTOR('',#2456,1.);
#1379=VECTOR('',#2459,1.);
#1380=VECTOR('',#2462,1.);
#1381=VECTOR('',#2465,1.);
#1382=VECTOR('',#2468,1.);
#1383=VECTOR('',#2471,1.);
#1384=VECTOR('',#2476,1.);
#1385=VECTOR('',#2479,1.);
#1386=VECTOR('',#2482,1.);
#1387=VECTOR('',#2485,1.);
#1388=VECTOR('',#2488,1.);
#1389=VECTOR('',#2491,1.);
#1390=VECTOR('',#2496,1.);
#1391=VECTOR('',#2499,1.);
#1392=VECTOR('',#2502,1.);
#1393=VECTOR('',#2505,1.);
#1394=VECTOR('',#2508,1.);
#1395=VECTOR('',#2511,1.);
#1396=VECTOR('',#2516,1.);
#1397=VECTOR('',#2519,1.);
#1398=VECTOR('',#2522,1.);
#1399=VECTOR('',#2525,1.);
#1400=VECTOR('',#2528,1.);
#1401=VECTOR('',#2531,1.);
#1402=VECTOR('',#2562,1.);
#1403=VECTOR('',#2563,1.);
#1404=VECTOR('',#2564,1.);
#1405=VECTOR('',#2565,1.);
#1406=VECTOR('',#2568,1.);
#1407=VECTOR('',#2569,1.);
#1408=VECTOR('',#2570,1.);
#1409=VECTOR('',#2573,1.);
#1410=VECTOR('',#2574,1.);
#1411=VECTOR('',#2575,1.);
#1412=VECTOR('',#2578,1.);
#1413=VECTOR('',#2579,1.);
#1414=EDGE_LOOP('',(#154,#155,#156,#157));
#1415=EDGE_LOOP('',(#158,#159,#160,#161));
#1416=EDGE_LOOP('',(#162,#163,#164,#165));
#1417=EDGE_LOOP('',(#166,#167,#168,#169));
#1418=EDGE_LOOP('',(#170,#171,#172,#173));
#1419=EDGE_LOOP('',(#174,#175,#176,#177));
#1420=EDGE_LOOP('',(#178));
#1421=EDGE_LOOP('',(#179));
#1422=EDGE_LOOP('',(#180));
#1423=EDGE_LOOP('',(#181));
#1424=EDGE_LOOP('',(#182));
#1425=EDGE_LOOP('',(#183));
#1426=EDGE_LOOP('',(#184));
#1427=EDGE_LOOP('',(#185));
#1428=EDGE_LOOP('',(#186,#187,#188,#189));
#1429=EDGE_LOOP('',(#190,#191,#192,#193));
#1430=EDGE_LOOP('',(#194));
#1431=EDGE_LOOP('',(#195));
#1432=EDGE_LOOP('',(#196));
#1433=EDGE_LOOP('',(#197));
#1434=EDGE_LOOP('',(#198,#199,#200,#201));
#1435=EDGE_LOOP('',(#202,#203,#204,#205));
#1436=EDGE_LOOP('',(#206,#207,#208,#209));
#1437=EDGE_LOOP('',(#210,#211,#212,#213,#214,#215,#216,#217));
#1438=EDGE_LOOP('',(#218,#219,#220,#221,#222,#223,#224,#225));
#1439=EDGE_LOOP('',(#226,#227,#228,#229,#230,#231,#232,#233));
#1440=EDGE_LOOP('',(#234,#235,#236,#237,#238,#239,#240,#241));
#1441=EDGE_LOOP('',(#242,#243,#244,#245,#246,#247,#248,#249));
#1442=EDGE_LOOP('',(#250,#251,#252,#253,#254,#255,#256,#257));
#1443=EDGE_LOOP('',(#258,#259,#260,#261,#262,#263,#264,#265));
#1444=EDGE_LOOP('',(#266,#267,#268,#269,#270,#271,#272,#273));
#1445=EDGE_LOOP('',(#274));
#1446=EDGE_LOOP('',(#275));
#1447=EDGE_LOOP('',(#276));
#1448=EDGE_LOOP('',(#277));
#1449=EDGE_LOOP('',(#278,#279,#280,#281));
#1450=EDGE_LOOP('',(#282,#283,#284,#285,#286,#287,#288,#289));
#1451=EDGE_LOOP('',(#290,#291,#292,#293,#294,#295,#296,#297));
#1452=EDGE_LOOP('',(#298,#299,#300,#301,#302,#303,#304,#305));
#1453=EDGE_LOOP('',(#306,#307,#308,#309,#310,#311,#312,#313));
#1454=EDGE_LOOP('',(#314,#315,#316,#317,#318,#319,#320,#321));
#1455=EDGE_LOOP('',(#322,#323,#324,#325,#326,#327,#328,#329));
#1456=EDGE_LOOP('',(#330,#331,#332,#333,#334,#335,#336,#337));
#1457=EDGE_LOOP('',(#338,#339,#340,#341,#342,#343,#344,#345));
#1458=EDGE_LOOP('',(#346,#347,#348,#349));
#1459=EDGE_LOOP('',(#350,#351,#352,#353));
#1460=EDGE_LOOP('',(#354,#355,#356,#357));
#1461=EDGE_LOOP('',(#358,#359,#360,#361));
#1462=EDGE_LOOP('',(#362,#363,#364,#365));
#1463=EDGE_LOOP('',(#366,#367,#368,#369));
#1464=EDGE_LOOP('',(#370,#371,#372,#373));
#1465=EDGE_LOOP('',(#374,#375,#376,#377));
#1466=EDGE_LOOP('',(#378,#379,#380,#381));
#1467=EDGE_LOOP('',(#382,#383,#384,#385));
#1468=EDGE_LOOP('',(#386,#387,#388,#389));
#1469=EDGE_LOOP('',(#390,#391,#392,#393));
#1470=EDGE_LOOP('',(#394,#395,#396,#397));
#1471=EDGE_LOOP('',(#398,#399,#400,#401));
#1472=EDGE_LOOP('',(#402,#403,#404,#405));
#1473=EDGE_LOOP('',(#406,#407,#408,#409));
#1474=EDGE_LOOP('',(#410,#411,#412,#413));
#1475=EDGE_LOOP('',(#414,#415,#416,#417));
#1476=EDGE_LOOP('',(#418,#419,#420,#421));
#1477=EDGE_LOOP('',(#422,#423,#424,#425));
#1478=EDGE_LOOP('',(#426,#427,#428,#429));
#1479=EDGE_LOOP('',(#430,#431,#432,#433));
#1480=EDGE_LOOP('',(#434,#435,#436,#437));
#1481=EDGE_LOOP('',(#438,#439,#440,#441));
#1482=EDGE_LOOP('',(#442,#443,#444,#445));
#1483=EDGE_LOOP('',(#446,#447,#448,#449));
#1484=EDGE_LOOP('',(#450,#451,#452,#453));
#1485=EDGE_LOOP('',(#454,#455,#456,#457));
#1486=EDGE_LOOP('',(#458,#459,#460,#461));
#1487=EDGE_LOOP('',(#462,#463,#464,#465));
#1488=EDGE_LOOP('',(#466,#467,#468,#469));
#1489=EDGE_LOOP('',(#470,#471,#472,#473));
#1490=EDGE_LOOP('',(#474,#475,#476,#477));
#1491=EDGE_LOOP('',(#478,#479,#480,#481));
#1492=EDGE_LOOP('',(#482,#483,#484,#485));
#1493=EDGE_LOOP('',(#486,#487,#488,#489));
#1494=EDGE_LOOP('',(#490,#491,#492,#493));
#1495=EDGE_LOOP('',(#494,#495,#496,#497));
#1496=EDGE_LOOP('',(#498,#499,#500,#501));
#1497=EDGE_LOOP('',(#502,#503,#504,#505));
#1498=EDGE_LOOP('',(#506,#507,#508,#509));
#1499=EDGE_LOOP('',(#510,#511,#512,#513));
#1500=EDGE_LOOP('',(#514,#515,#516,#517));
#1501=EDGE_LOOP('',(#518,#519,#520,#521));
#1502=EDGE_LOOP('',(#522,#523,#524,#525));
#1503=EDGE_LOOP('',(#526,#527,#528,#529));
#1504=EDGE_LOOP('',(#530,#531,#532,#533));
#1505=EDGE_LOOP('',(#534,#535,#536,#537));
#1506=EDGE_LOOP('',(#538,#539,#540,#541));
#1507=EDGE_LOOP('',(#542,#543,#544,#545));
#1508=EDGE_LOOP('',(#546,#547,#548,#549));
#1509=EDGE_LOOP('',(#550,#551,#552,#553));
#1510=EDGE_LOOP('',(#554,#555,#556,#557));
#1511=EDGE_LOOP('',(#558,#559,#560,#561));
#1512=EDGE_LOOP('',(#562,#563,#564,#565));
#1513=EDGE_LOOP('',(#566,#567,#568,#569));
#1514=EDGE_LOOP('',(#570,#571,#572,#573));
#1515=EDGE_LOOP('',(#574,#575,#576,#577));
#1516=EDGE_LOOP('',(#578,#579,#580,#581));
#1517=EDGE_LOOP('',(#582,#583,#584,#585));
#1518=EDGE_LOOP('',(#586,#587,#588,#589));
#1519=EDGE_LOOP('',(#590,#591,#592,#593));
#1520=EDGE_LOOP('',(#594,#595,#596,#597));
#1521=EDGE_LOOP('',(#598,#599,#600,#601));
#1522=EDGE_LOOP('',(#602));
#1523=EDGE_LOOP('',(#603));
#1524=EDGE_LOOP('',(#604));
#1525=EDGE_LOOP('',(#605));
#1526=EDGE_LOOP('',(#606));
#1527=EDGE_LOOP('',(#607));
#1528=EDGE_LOOP('',(#608));
#1529=EDGE_LOOP('',(#609));
#1530=EDGE_LOOP('',(#610));
#1531=EDGE_LOOP('',(#611));
#1532=EDGE_LOOP('',(#612));
#1533=EDGE_LOOP('',(#613));
#1534=EDGE_LOOP('',(#614));
#1535=EDGE_LOOP('',(#615));
#1536=EDGE_LOOP('',(#616));
#1537=EDGE_LOOP('',(#617));
#1538=EDGE_LOOP('',(#618,#619,#620,#621));
#1539=EDGE_LOOP('',(#622,#623,#624,#625));
#1540=EDGE_LOOP('',(#626,#627,#628,#629));
#1541=EDGE_LOOP('',(#630,#631,#632,#633));
#1542=EDGE_LOOP('',(#634));
#1543=EDGE_LOOP('',(#635));
#1544=EDGE_LOOP('',(#636));
#1545=EDGE_LOOP('',(#637));
#1546=EDGE_LOOP('',(#638,#639,#640,#641));
#1547=EDGE_LOOP('',(#642));
#1548=EDGE_LOOP('',(#643));
#1549=EDGE_LOOP('',(#644));
#1550=EDGE_LOOP('',(#645));
#1551=EDGE_LOOP('',(#646,#647,#648,#649));
#1552=EDGE_LOOP('',(#650));
#1553=EDGE_LOOP('',(#651));
#1554=EDGE_LOOP('',(#652));
#1555=EDGE_LOOP('',(#653));
#1556=EDGE_LOOP('',(#654));
#1557=EDGE_LOOP('',(#655));
#1558=EDGE_LOOP('',(#656));
#1559=EDGE_LOOP('',(#657));
#1560=FACE_BOUND('',#1414,.T.);
#1561=FACE_BOUND('',#1415,.T.);
#1562=FACE_BOUND('',#1416,.T.);
#1563=FACE_BOUND('',#1417,.T.);
#1564=FACE_BOUND('',#1418,.T.);
#1565=FACE_BOUND('',#1419,.T.);
#1566=FACE_BOUND('',#1420,.T.);
#1567=FACE_BOUND('',#1421,.T.);
#1568=FACE_BOUND('',#1422,.T.);
#1569=FACE_BOUND('',#1423,.T.);
#1570=FACE_BOUND('',#1424,.T.);
#1571=FACE_BOUND('',#1425,.T.);
#1572=FACE_BOUND('',#1426,.T.);
#1573=FACE_BOUND('',#1427,.T.);
#1574=FACE_BOUND('',#1428,.T.);
#1575=FACE_BOUND('',#1429,.T.);
#1576=FACE_BOUND('',#1430,.T.);
#1577=FACE_BOUND('',#1431,.T.);
#1578=FACE_BOUND('',#1432,.T.);
#1579=FACE_BOUND('',#1433,.T.);
#1580=FACE_BOUND('',#1434,.T.);
#1581=FACE_BOUND('',#1435,.T.);
#1582=FACE_BOUND('',#1436,.T.);
#1583=FACE_BOUND('',#1437,.T.);
#1584=FACE_BOUND('',#1438,.T.);
#1585=FACE_BOUND('',#1439,.T.);
#1586=FACE_BOUND('',#1440,.T.);
#1587=FACE_BOUND('',#1441,.T.);
#1588=FACE_BOUND('',#1442,.T.);
#1589=FACE_BOUND('',#1443,.T.);
#1590=FACE_BOUND('',#1444,.T.);
#1591=FACE_BOUND('',#1445,.T.);
#1592=FACE_BOUND('',#1446,.T.);
#1593=FACE_BOUND('',#1447,.T.);
#1594=FACE_BOUND('',#1448,.T.);
#1595=FACE_BOUND('',#1449,.T.);
#1596=FACE_BOUND('',#1450,.T.);
#1597=FACE_BOUND('',#1451,.T.);
#1598=FACE_BOUND('',#1452,.T.);
#1599=FACE_BOUND('',#1453,.T.);
#1600=FACE_BOUND('',#1454,.T.);
#1601=FACE_BOUND('',#1455,.T.);
#1602=FACE_BOUND('',#1456,.T.);
#1603=FACE_BOUND('',#1457,.T.);
#1604=FACE_BOUND('',#1458,.T.);
#1605=FACE_BOUND('',#1459,.T.);
#1606=FACE_BOUND('',#1460,.T.);
#1607=FACE_BOUND('',#1461,.T.);
#1608=FACE_BOUND('',#1462,.T.);
#1609=FACE_BOUND('',#1463,.T.);
#1610=FACE_BOUND('',#1464,.T.);
#1611=FACE_BOUND('',#1465,.T.);
#1612=FACE_BOUND('',#1466,.T.);
#1613=FACE_BOUND('',#1467,.T.);
#1614=FACE_BOUND('',#1468,.T.);
#1615=FACE_BOUND('',#1469,.T.);
#1616=FACE_BOUND('',#1470,.T.);
#1617=FACE_BOUND('',#1471,.T.);
#1618=FACE_BOUND('',#1472,.T.);
#1619=FACE_BOUND('',#1473,.T.);
#1620=FACE_BOUND('',#1474,.T.);
#1621=FACE_BOUND('',#1475,.T.);
#1622=FACE_BOUND('',#1476,.T.);
#1623=FACE_BOUND('',#1477,.T.);
#1624=FACE_BOUND('',#1478,.T.);
#1625=FACE_BOUND('',#1479,.T.);
#1626=FACE_BOUND('',#1480,.T.);
#1627=FACE_BOUND('',#1481,.T.);
#1628=FACE_BOUND('',#1482,.T.);
#1629=FACE_BOUND('',#1483,.T.);
#1630=FACE_BOUND('',#1484,.T.);
#1631=FACE_BOUND('',#1485,.T.);
#1632=FACE_BOUND('',#1486,.T.);
#1633=FACE_BOUND('',#1487,.T.);
#1634=FACE_BOUND('',#1488,.T.);
#1635=FACE_BOUND('',#1489,.T.);
#1636=FACE_BOUND('',#1490,.T.);
#1637=FACE_BOUND('',#1491,.T.);
#1638=FACE_BOUND('',#1492,.T.);
#1639=FACE_BOUND('',#1493,.T.);
#1640=FACE_BOUND('',#1494,.T.);
#1641=FACE_BOUND('',#1495,.T.);
#1642=FACE_BOUND('',#1496,.T.);
#1643=FACE_BOUND('',#1497,.T.);
#1644=FACE_BOUND('',#1498,.T.);
#1645=FACE_BOUND('',#1499,.T.);
#1646=FACE_BOUND('',#1500,.T.);
#1647=FACE_BOUND('',#1501,.T.);
#1648=FACE_BOUND('',#1502,.T.);
#1649=FACE_BOUND('',#1503,.T.);
#1650=FACE_BOUND('',#1504,.T.);
#1651=FACE_BOUND('',#1505,.T.);
#1652=FACE_BOUND('',#1506,.T.);
#1653=FACE_BOUND('',#1507,.T.);
#1654=FACE_BOUND('',#1508,.T.);
#1655=FACE_BOUND('',#1509,.T.);
#1656=FACE_BOUND('',#1510,.T.);
#1657=FACE_BOUND('',#1511,.T.);
#1658=FACE_BOUND('',#1512,.T.);
#1659=FACE_BOUND('',#1513,.T.);
#1660=FACE_BOUND('',#1514,.T.);
#1661=FACE_BOUND('',#1515,.T.);
#1662=FACE_BOUND('',#1516,.T.);
#1663=FACE_BOUND('',#1517,.T.);
#1664=FACE_BOUND('',#1518,.T.);
#1665=FACE_BOUND('',#1519,.T.);
#1666=FACE_BOUND('',#1520,.T.);
#1667=FACE_BOUND('',#1521,.T.);
#1668=FACE_BOUND('',#1522,.T.);
#1669=FACE_BOUND('',#1523,.T.);
#1670=FACE_BOUND('',#1524,.T.);
#1671=FACE_BOUND('',#1525,.T.);
#1672=FACE_BOUND('',#1526,.T.);
#1673=FACE_BOUND('',#1527,.T.);
#1674=FACE_BOUND('',#1528,.T.);
#1675=FACE_BOUND('',#1529,.T.);
#1676=FACE_BOUND('',#1530,.T.);
#1677=FACE_BOUND('',#1531,.T.);
#1678=FACE_BOUND('',#1532,.T.);
#1679=FACE_BOUND('',#1533,.T.);
#1680=FACE_BOUND('',#1534,.T.);
#1681=FACE_BOUND('',#1535,.T.);
#1682=FACE_BOUND('',#1536,.T.);
#1683=FACE_BOUND('',#1537,.T.);
#1684=FACE_BOUND('',#1538,.T.);
#1685=FACE_BOUND('',#1539,.T.);
#1686=FACE_BOUND('',#1540,.T.);
#1687=FACE_BOUND('',#1541,.T.);
#1688=FACE_BOUND('',#1542,.T.);
#1689=FACE_BOUND('',#1543,.T.);
#1690=FACE_BOUND('',#1544,.T.);
#1691=FACE_BOUND('',#1545,.T.);
#1692=FACE_BOUND('',#1546,.T.);
#1693=FACE_BOUND('',#1547,.T.);
#1694=FACE_BOUND('',#1548,.T.);
#1695=FACE_BOUND('',#1549,.T.);
#1696=FACE_BOUND('',#1550,.T.);
#1697=FACE_BOUND('',#1551,.T.);
#1698=FACE_BOUND('',#1552,.T.);
#1699=FACE_BOUND('',#1553,.T.);
#1700=FACE_BOUND('',#1554,.T.);
#1701=FACE_BOUND('',#1555,.T.);
#1702=FACE_BOUND('',#1556,.T.);
#1703=FACE_BOUND('',#1557,.T.);
#1704=FACE_BOUND('',#1558,.T.);
#1705=FACE_BOUND('',#1559,.T.);
#1706=PLANE('',#1883);
#1707=PLANE('',#1884);
#1708=PLANE('',#1885);
#1709=PLANE('',#1886);
#1710=PLANE('',#1887);
#1711=PLANE('',#1888);
#1712=PLANE('',#1901);
#1713=PLANE('',#1902);
#1714=PLANE('',#1903);
#1715=PLANE('',#1908);
#1716=PLANE('',#1941);
#1717=PLANE('',#1974);
#1718=PLANE('',#1975);
#1719=PLANE('',#1976);
#1720=PLANE('',#1977);
#1721=PLANE('',#1978);
#1722=PLANE('',#1979);
#1723=PLANE('',#1980);
#1724=PLANE('',#1981);
#1725=PLANE('',#1983);
#1726=PLANE('',#1985);
#1727=PLANE('',#1987);
#1728=PLANE('',#1990);
#1729=PLANE('',#1992);
#1730=PLANE('',#1994);
#1731=PLANE('',#1997);
#1732=PLANE('',#1999);
#1733=PLANE('',#2001);
#1734=PLANE('',#2004);
#1735=PLANE('',#2006);
#1736=PLANE('',#2008);
#1737=PLANE('',#2011);
#1738=PLANE('',#2013);
#1739=PLANE('',#2015);
#1740=PLANE('',#2018);
#1741=PLANE('',#2020);
#1742=PLANE('',#2022);
#1743=PLANE('',#2025);
#1744=PLANE('',#2027);
#1745=PLANE('',#2029);
#1746=PLANE('',#2032);
#1747=PLANE('',#2034);
#1748=PLANE('',#2036);
#1749=PLANE('',#2040);
#1750=PLANE('',#2043);
#1751=PLANE('',#2046);
#1752=PLANE('',#2049);
#1753=PLANE('',#2051);
#1754=PLANE('',#2052);
#1755=PLANE('',#2053);
#1756=PLANE('',#2054);
#1757=PLANE('',#2055);
#1758=PLANE('',#2060);
#1759=ADVANCED_FACE('',(#1560),#1706,.T.);
#1760=ADVANCED_FACE('',(#1561),#1707,.F.);
#1761=ADVANCED_FACE('',(#1562),#1708,.F.);
#1762=ADVANCED_FACE('',(#1563),#1709,.T.);
#1763=ADVANCED_FACE('',(#1564),#1710,.F.);
#1764=ADVANCED_FACE('',(#1565),#1711,.F.);
#1765=ADVANCED_FACE('',(#1566,#1567),#110,.F.);
#1766=ADVANCED_FACE('',(#1568,#1569),#111,.F.);
#1767=ADVANCED_FACE('',(#1570,#1571),#112,.F.);
#1768=ADVANCED_FACE('',(#1572,#1573),#113,.F.);
#1769=ADVANCED_FACE('',(#1574),#1712,.T.);
#1770=ADVANCED_FACE('',(#1575),#1713,.T.);
#1771=ADVANCED_FACE('',(#1576,#1577,#1578,#1579,#1580,#1581),#1714,.F.);
#1772=ADVANCED_FACE('',(#1582,#1583,#1584,#1585,#1586,#1587,#1588,#1589,
#1590),#1715,.F.);
#1773=ADVANCED_FACE('',(#1591,#1592,#1593,#1594,#1595,#1596,#1597,#1598,
#1599,#1600,#1601,#1602,#1603),#1716,.T.);
#1774=ADVANCED_FACE('',(#1604),#1717,.T.);
#1775=ADVANCED_FACE('',(#1605),#1718,.T.);
#1776=ADVANCED_FACE('',(#1606),#1719,.T.);
#1777=ADVANCED_FACE('',(#1607),#1720,.T.);
#1778=ADVANCED_FACE('',(#1608),#1721,.T.);
#1779=ADVANCED_FACE('',(#1609),#1722,.T.);
#1780=ADVANCED_FACE('',(#1610),#1723,.T.);
#1781=ADVANCED_FACE('',(#1611),#1724,.T.);
#1782=ADVANCED_FACE('',(#1612),#114,.F.);
#1783=ADVANCED_FACE('',(#1613),#1725,.T.);
#1784=ADVANCED_FACE('',(#1614),#115,.F.);
#1785=ADVANCED_FACE('',(#1615),#1726,.F.);
#1786=ADVANCED_FACE('',(#1616),#116,.F.);
#1787=ADVANCED_FACE('',(#1617),#1727,.F.);
#1788=ADVANCED_FACE('',(#1618),#117,.F.);
#1789=ADVANCED_FACE('',(#1619),#118,.F.);
#1790=ADVANCED_FACE('',(#1620),#1728,.T.);
#1791=ADVANCED_FACE('',(#1621),#119,.F.);
#1792=ADVANCED_FACE('',(#1622),#1729,.F.);
#1793=ADVANCED_FACE('',(#1623),#120,.F.);
#1794=ADVANCED_FACE('',(#1624),#1730,.F.);
#1795=ADVANCED_FACE('',(#1625),#121,.F.);
#1796=ADVANCED_FACE('',(#1626),#122,.F.);
#1797=ADVANCED_FACE('',(#1627),#1731,.T.);
#1798=ADVANCED_FACE('',(#1628),#123,.F.);
#1799=ADVANCED_FACE('',(#1629),#1732,.F.);
#1800=ADVANCED_FACE('',(#1630),#124,.F.);
#1801=ADVANCED_FACE('',(#1631),#1733,.F.);
#1802=ADVANCED_FACE('',(#1632),#125,.F.);
#1803=ADVANCED_FACE('',(#1633),#126,.F.);
#1804=ADVANCED_FACE('',(#1634),#1734,.T.);
#1805=ADVANCED_FACE('',(#1635),#127,.F.);
#1806=ADVANCED_FACE('',(#1636),#1735,.F.);
#1807=ADVANCED_FACE('',(#1637),#128,.F.);
#1808=ADVANCED_FACE('',(#1638),#1736,.F.);
#1809=ADVANCED_FACE('',(#1639),#129,.F.);
#1810=ADVANCED_FACE('',(#1640),#130,.F.);
#1811=ADVANCED_FACE('',(#1641),#1737,.T.);
#1812=ADVANCED_FACE('',(#1642),#131,.F.);
#1813=ADVANCED_FACE('',(#1643),#1738,.F.);
#1814=ADVANCED_FACE('',(#1644),#132,.F.);
#1815=ADVANCED_FACE('',(#1645),#1739,.F.);
#1816=ADVANCED_FACE('',(#1646),#133,.F.);
#1817=ADVANCED_FACE('',(#1647),#134,.F.);
#1818=ADVANCED_FACE('',(#1648),#1740,.T.);
#1819=ADVANCED_FACE('',(#1649),#135,.F.);
#1820=ADVANCED_FACE('',(#1650),#1741,.F.);
#1821=ADVANCED_FACE('',(#1651),#136,.F.);
#1822=ADVANCED_FACE('',(#1652),#1742,.F.);
#1823=ADVANCED_FACE('',(#1653),#137,.F.);
#1824=ADVANCED_FACE('',(#1654),#138,.F.);
#1825=ADVANCED_FACE('',(#1655),#1743,.T.);
#1826=ADVANCED_FACE('',(#1656),#139,.F.);
#1827=ADVANCED_FACE('',(#1657),#1744,.F.);
#1828=ADVANCED_FACE('',(#1658),#140,.F.);
#1829=ADVANCED_FACE('',(#1659),#1745,.F.);
#1830=ADVANCED_FACE('',(#1660),#141,.F.);
#1831=ADVANCED_FACE('',(#1661),#142,.F.);
#1832=ADVANCED_FACE('',(#1662),#1746,.T.);
#1833=ADVANCED_FACE('',(#1663),#143,.F.);
#1834=ADVANCED_FACE('',(#1664),#1747,.F.);
#1835=ADVANCED_FACE('',(#1665),#144,.F.);
#1836=ADVANCED_FACE('',(#1666),#1748,.F.);
#1837=ADVANCED_FACE('',(#1667),#145,.F.);
#1838=ADVANCED_FACE('',(#1668,#1669),#146,.F.);
#1839=ADVANCED_FACE('',(#1670,#1671),#1749,.F.);
#1840=ADVANCED_FACE('',(#1672,#1673),#147,.F.);
#1841=ADVANCED_FACE('',(#1674,#1675),#1750,.F.);
#1842=ADVANCED_FACE('',(#1676,#1677),#148,.F.);
#1843=ADVANCED_FACE('',(#1678,#1679),#1751,.F.);
#1844=ADVANCED_FACE('',(#1680,#1681),#149,.F.);
#1845=ADVANCED_FACE('',(#1682,#1683),#1752,.F.);
#1846=ADVANCED_FACE('',(#1684),#1753,.T.);
#1847=ADVANCED_FACE('',(#1685),#1754,.F.);
#1848=ADVANCED_FACE('',(#1686),#1755,.F.);
#1849=ADVANCED_FACE('',(#1687),#1756,.T.);
#1850=ADVANCED_FACE('',(#1688,#1689,#1690,#1691,#1692),#1757,.T.);
#1851=ADVANCED_FACE('',(#1693,#1694,#1695,#1696,#1697),#1758,.F.);
#1852=ADVANCED_FACE('',(#1698,#1699),#150,.F.);
#1853=ADVANCED_FACE('',(#1700,#1701),#151,.F.);
#1854=ADVANCED_FACE('',(#1702,#1703),#152,.F.);
#1855=ADVANCED_FACE('',(#1704,#1705),#153,.F.);
#1856=CLOSED_SHELL('',(#1759,#1760,#1761,#1762,#1763,#1764,#1765,#1766,
#1767,#1768,#1769,#1770,#1771,#1772,#1773,#1774,#1775,#1776,#1777,#1778,
#1779,#1780,#1781,#1782,#1783,#1784,#1785,#1786,#1787,#1788,#1789,#1790,
#1791,#1792,#1793,#1794,#1795,#1796,#1797,#1798,#1799,#1800,#1801,#1802,
#1803,#1804,#1805,#1806,#1807,#1808,#1809,#1810,#1811,#1812,#1813,#1814,
#1815,#1816,#1817,#1818,#1819,#1820,#1821,#1822,#1823,#1824,#1825,#1826,
#1827,#1828,#1829,#1830,#1831,#1832,#1833,#1834,#1835,#1836,#1837,#1838,
#1839,#1840,#1841,#1842,#1843,#1844,#1845));
#1857=CLOSED_SHELL('',(#1846,#1847,#1848,#1849,#1850,#1851,#1852,#1853,
#1854,#1855));
#1858=STYLED_ITEM('',(#1860),#1874);
#1859=STYLED_ITEM('',(#1861),#1875);
#1860=PRESENTATION_STYLE_ASSIGNMENT((#1862));
#1861=PRESENTATION_STYLE_ASSIGNMENT((#1863));
#1862=SURFACE_STYLE_USAGE(.BOTH.,#1864);
#1863=SURFACE_STYLE_USAGE(.BOTH.,#1865);
#1864=SURFACE_SIDE_STYLE('',(#1866));
#1865=SURFACE_SIDE_STYLE('',(#1867));
#1866=SURFACE_STYLE_FILL_AREA(#1868);
#1867=SURFACE_STYLE_FILL_AREA(#1869);
#1868=FILL_AREA_STYLE('',(#1870));
#1869=FILL_AREA_STYLE('',(#1871));
#1870=FILL_AREA_STYLE_COLOUR('',#1872);
#1871=FILL_AREA_STYLE_COLOUR('',#1873);
#1872=COLOUR_RGB('',0.647058823529412,0.647058823529412,0.647058823529412);
#1873=COLOUR_RGB('',0.615686274509804,0.811764705882353,0.929411764705882);
#1874=MANIFOLD_SOLID_BREP('Part 2',#1856);
#1875=MANIFOLD_SOLID_BREP('Part 1',#1857);
#1876=SHAPE_DEFINITION_REPRESENTATION(#3148,#1879);
#1877=SHAPE_DEFINITION_REPRESENTATION(#3149,#1880);
#1878=SHAPE_DEFINITION_REPRESENTATION(#3151,#1881);
#1879=SHAPE_REPRESENTATION('Assembaly',(#1882,#2050,#2069),#3139);
#1880=SHAPE_REPRESENTATION('Part 2',(#1882),#3140);
#1881=SHAPE_REPRESENTATION('Part 1',(#1882),#3141);
#1882=AXIS2_PLACEMENT_3D('',#2610,#2070,#2071);
#1883=AXIS2_PLACEMENT_3D('',#2611,#2072,#2073);
#1884=AXIS2_PLACEMENT_3D('',#2620,#2078,#2079);
#1885=AXIS2_PLACEMENT_3D('',#2626,#2083,#2084);
#1886=AXIS2_PLACEMENT_3D('',#2632,#2088,#2089);
#1887=AXIS2_PLACEMENT_3D('',#2641,#2094,#2095);
#1888=AXIS2_PLACEMENT_3D('',#2647,#2099,#2100);
#1889=AXIS2_PLACEMENT_3D('',#2653,#2104,#2105);
#1890=AXIS2_PLACEMENT_3D('',#2654,#2106,#2107);
#1891=AXIS2_PLACEMENT_3D('',#2656,#2108,#2109);
#1892=AXIS2_PLACEMENT_3D('',#2658,#2110,#2111);
#1893=AXIS2_PLACEMENT_3D('',#2659,#2112,#2113);
#1894=AXIS2_PLACEMENT_3D('',#2661,#2114,#2115);
#1895=AXIS2_PLACEMENT_3D('',#2663,#2116,#2117);
#1896=AXIS2_PLACEMENT_3D('',#2664,#2118,#2119);
#1897=AXIS2_PLACEMENT_3D('',#2666,#2120,#2121);
#1898=AXIS2_PLACEMENT_3D('',#2668,#2122,#2123);
#1899=AXIS2_PLACEMENT_3D('',#2669,#2124,#2125);
#1900=AXIS2_PLACEMENT_3D('',#2671,#2126,#2127);
#1901=AXIS2_PLACEMENT_3D('',#2673,#2128,#2129);
#1902=AXIS2_PLACEMENT_3D('',#2676,#2132,#2133);
#1903=AXIS2_PLACEMENT_3D('',#2679,#2136,#2137);
#1904=AXIS2_PLACEMENT_3D('',#2680,#2138,#2139);
#1905=AXIS2_PLACEMENT_3D('',#2682,#2140,#2141);
#1906=AXIS2_PLACEMENT_3D('',#2684,#2142,#2143);
#1907=AXIS2_PLACEMENT_3D('',#2686,#2144,#2145);
#1908=AXIS2_PLACEMENT_3D('',#2688,#2146,#2147);
#1909=AXIS2_PLACEMENT_3D('',#2689,#2148,#2149);
#1910=AXIS2_PLACEMENT_3D('',#2694,#2151,#2152);
#1911=AXIS2_PLACEMENT_3D('',#2698,#2154,#2155);
#1912=AXIS2_PLACEMENT_3D('',#2702,#2157,#2158);
#1913=AXIS2_PLACEMENT_3D('',#2705,#2160,#2161);
#1914=AXIS2_PLACEMENT_3D('',#2710,#2163,#2164);
#1915=AXIS2_PLACEMENT_3D('',#2714,#2166,#2167);
#1916=AXIS2_PLACEMENT_3D('',#2718,#2169,#2170);
#1917=AXIS2_PLACEMENT_3D('',#2721,#2172,#2173);
#1918=AXIS2_PLACEMENT_3D('',#2726,#2175,#2176);
#1919=AXIS2_PLACEMENT_3D('',#2730,#2178,#2179);
#1920=AXIS2_PLACEMENT_3D('',#2734,#2181,#2182);
#1921=AXIS2_PLACEMENT_3D('',#2737,#2184,#2185);
#1922=AXIS2_PLACEMENT_3D('',#2742,#2187,#2188);
#1923=AXIS2_PLACEMENT_3D('',#2746,#2190,#2191);
#1924=AXIS2_PLACEMENT_3D('',#2750,#2193,#2194);
#1925=AXIS2_PLACEMENT_3D('',#2753,#2196,#2197);
#1926=AXIS2_PLACEMENT_3D('',#2758,#2199,#2200);
#1927=AXIS2_PLACEMENT_3D('',#2762,#2202,#2203);
#1928=AXIS2_PLACEMENT_3D('',#2766,#2205,#2206);
#1929=AXIS2_PLACEMENT_3D('',#2769,#2208,#2209);
#1930=AXIS2_PLACEMENT_3D('',#2774,#2211,#2212);
#1931=AXIS2_PLACEMENT_3D('',#2778,#2214,#2215);
#1932=AXIS2_PLACEMENT_3D('',#2782,#2217,#2218);
#1933=AXIS2_PLACEMENT_3D('',#2785,#2220,#2221);
#1934=AXIS2_PLACEMENT_3D('',#2790,#2223,#2224);
#1935=AXIS2_PLACEMENT_3D('',#2794,#2226,#2227);
#1936=AXIS2_PLACEMENT_3D('',#2798,#2229,#2230);
#1937=AXIS2_PLACEMENT_3D('',#2801,#2232,#2233);
#1938=AXIS2_PLACEMENT_3D('',#2806,#2235,#2236);
#1939=AXIS2_PLACEMENT_3D('',#2810,#2238,#2239);
#1940=AXIS2_PLACEMENT_3D('',#2814,#2241,#2242);
#1941=AXIS2_PLACEMENT_3D('',#2817,#2244,#2245);
#1942=AXIS2_PLACEMENT_3D('',#2818,#2246,#2247);
#1943=AXIS2_PLACEMENT_3D('',#2823,#2249,#2250);
#1944=AXIS2_PLACEMENT_3D('',#2827,#2252,#2253);
#1945=AXIS2_PLACEMENT_3D('',#2831,#2255,#2256);
#1946=AXIS2_PLACEMENT_3D('',#2834,#2258,#2259);
#1947=AXIS2_PLACEMENT_3D('',#2839,#2261,#2262);
#1948=AXIS2_PLACEMENT_3D('',#2843,#2264,#2265);
#1949=AXIS2_PLACEMENT_3D('',#2847,#2267,#2268);
#1950=AXIS2_PLACEMENT_3D('',#2850,#2270,#2271);
#1951=AXIS2_PLACEMENT_3D('',#2855,#2273,#2274);
#1952=AXIS2_PLACEMENT_3D('',#2859,#2276,#2277);
#1953=AXIS2_PLACEMENT_3D('',#2863,#2279,#2280);
#1954=AXIS2_PLACEMENT_3D('',#2866,#2282,#2283);
#1955=AXIS2_PLACEMENT_3D('',#2871,#2285,#2286);
#1956=AXIS2_PLACEMENT_3D('',#2875,#2288,#2289);
#1957=AXIS2_PLACEMENT_3D('',#2879,#2291,#2292);
#1958=AXIS2_PLACEMENT_3D('',#2882,#2294,#2295);
#1959=AXIS2_PLACEMENT_3D('',#2887,#2297,#2298);
#1960=AXIS2_PLACEMENT_3D('',#2891,#2300,#2301);
#1961=AXIS2_PLACEMENT_3D('',#2895,#2303,#2304);
#1962=AXIS2_PLACEMENT_3D('',#2898,#2306,#2307);
#1963=AXIS2_PLACEMENT_3D('',#2903,#2309,#2310);
#1964=AXIS2_PLACEMENT_3D('',#2907,#2312,#2313);
#1965=AXIS2_PLACEMENT_3D('',#2911,#2315,#2316);
#1966=AXIS2_PLACEMENT_3D('',#2914,#2318,#2319);
#1967=AXIS2_PLACEMENT_3D('',#2919,#2321,#2322);
#1968=AXIS2_PLACEMENT_3D('',#2923,#2324,#2325);
#1969=AXIS2_PLACEMENT_3D('',#2927,#2327,#2328);
#1970=AXIS2_PLACEMENT_3D('',#2930,#2330,#2331);
#1971=AXIS2_PLACEMENT_3D('',#2935,#2333,#2334);
#1972=AXIS2_PLACEMENT_3D('',#2939,#2336,#2337);
#1973=AXIS2_PLACEMENT_3D('',#2943,#2339,#2340);
#1974=AXIS2_PLACEMENT_3D('',#2946,#2342,#2343);
#1975=AXIS2_PLACEMENT_3D('',#2949,#2346,#2347);
#1976=AXIS2_PLACEMENT_3D('',#2952,#2350,#2351);
#1977=AXIS2_PLACEMENT_3D('',#2955,#2354,#2355);
#1978=AXIS2_PLACEMENT_3D('',#2958,#2358,#2359);
#1979=AXIS2_PLACEMENT_3D('',#2961,#2362,#2363);
#1980=AXIS2_PLACEMENT_3D('',#2964,#2366,#2367);
#1981=AXIS2_PLACEMENT_3D('',#2967,#2370,#2371);
#1982=AXIS2_PLACEMENT_3D('',#2970,#2374,#2375);
#1983=AXIS2_PLACEMENT_3D('',#2972,#2377,#2378);
#1984=AXIS2_PLACEMENT_3D('',#2974,#2380,#2381);
#1985=AXIS2_PLACEMENT_3D('',#2976,#2383,#2384);
#1986=AXIS2_PLACEMENT_3D('',#2978,#2386,#2387);
#1987=AXIS2_PLACEMENT_3D('',#2980,#2389,#2390);
#1988=AXIS2_PLACEMENT_3D('',#2982,#2392,#2393);
#1989=AXIS2_PLACEMENT_3D('',#2983,#2394,#2395);
#1990=AXIS2_PLACEMENT_3D('',#2985,#2397,#2398);
#1991=AXIS2_PLACEMENT_3D('',#2987,#2400,#2401);
#1992=AXIS2_PLACEMENT_3D('',#2989,#2403,#2404);
#1993=AXIS2_PLACEMENT_3D('',#2991,#2406,#2407);
#1994=AXIS2_PLACEMENT_3D('',#2993,#2409,#2410);
#1995=AXIS2_PLACEMENT_3D('',#2995,#2412,#2413);
#1996=AXIS2_PLACEMENT_3D('',#2996,#2414,#2415);
#1997=AXIS2_PLACEMENT_3D('',#2998,#2417,#2418);
#1998=AXIS2_PLACEMENT_3D('',#3000,#2420,#2421);
#1999=AXIS2_PLACEMENT_3D('',#3002,#2423,#2424);
#2000=AXIS2_PLACEMENT_3D('',#3004,#2426,#2427);
#2001=AXIS2_PLACEMENT_3D('',#3006,#2429,#2430);
#2002=AXIS2_PLACEMENT_3D('',#3008,#2432,#2433);
#2003=AXIS2_PLACEMENT_3D('',#3009,#2434,#2435);
#2004=AXIS2_PLACEMENT_3D('',#3011,#2437,#2438);
#2005=AXIS2_PLACEMENT_3D('',#3013,#2440,#2441);
#2006=AXIS2_PLACEMENT_3D('',#3015,#2443,#2444);
#2007=AXIS2_PLACEMENT_3D('',#3017,#2446,#2447);
#2008=AXIS2_PLACEMENT_3D('',#3019,#2449,#2450);
#2009=AXIS2_PLACEMENT_3D('',#3021,#2452,#2453);
#2010=AXIS2_PLACEMENT_3D('',#3022,#2454,#2455);
#2011=AXIS2_PLACEMENT_3D('',#3024,#2457,#2458);
#2012=AXIS2_PLACEMENT_3D('',#3026,#2460,#2461);
#2013=AXIS2_PLACEMENT_3D('',#3028,#2463,#2464);
#2014=AXIS2_PLACEMENT_3D('',#3030,#2466,#2467);
#2015=AXIS2_PLACEMENT_3D('',#3032,#2469,#2470);
#2016=AXIS2_PLACEMENT_3D('',#3034,#2472,#2473);
#2017=AXIS2_PLACEMENT_3D('',#3035,#2474,#2475);
#2018=AXIS2_PLACEMENT_3D('',#3037,#2477,#2478);
#2019=AXIS2_PLACEMENT_3D('',#3039,#2480,#2481);
#2020=AXIS2_PLACEMENT_3D('',#3041,#2483,#2484);
#2021=AXIS2_PLACEMENT_3D('',#3043,#2486,#2487);
#2022=AXIS2_PLACEMENT_3D('',#3045,#2489,#2490);
#2023=AXIS2_PLACEMENT_3D('',#3047,#2492,#2493);
#2024=AXIS2_PLACEMENT_3D('',#3048,#2494,#2495);
#2025=AXIS2_PLACEMENT_3D('',#3050,#2497,#2498);
#2026=AXIS2_PLACEMENT_3D('',#3052,#2500,#2501);
#2027=AXIS2_PLACEMENT_3D('',#3054,#2503,#2504);
#2028=AXIS2_PLACEMENT_3D('',#3056,#2506,#2507);
#2029=AXIS2_PLACEMENT_3D('',#3058,#2509,#2510);
#2030=AXIS2_PLACEMENT_3D('',#3060,#2512,#2513);
#2031=AXIS2_PLACEMENT_3D('',#3061,#2514,#2515);
#2032=AXIS2_PLACEMENT_3D('',#3063,#2517,#2518);
#2033=AXIS2_PLACEMENT_3D('',#3065,#2520,#2521);
#2034=AXIS2_PLACEMENT_3D('',#3067,#2523,#2524);
#2035=AXIS2_PLACEMENT_3D('',#3069,#2526,#2527);
#2036=AXIS2_PLACEMENT_3D('',#3071,#2529,#2530);
#2037=AXIS2_PLACEMENT_3D('',#3073,#2532,#2533);
#2038=AXIS2_PLACEMENT_3D('',#3074,#2534,#2535);
#2039=AXIS2_PLACEMENT_3D('',#3075,#2536,#2537);
#2040=AXIS2_PLACEMENT_3D('',#3077,#2538,#2539);
#2041=AXIS2_PLACEMENT_3D('',#3078,#2540,#2541);
#2042=AXIS2_PLACEMENT_3D('',#3079,#2542,#2543);
#2043=AXIS2_PLACEMENT_3D('',#3081,#2544,#2545);
#2044=AXIS2_PLACEMENT_3D('',#3082,#2546,#2547);
#2045=AXIS2_PLACEMENT_3D('',#3083,#2548,#2549);
#2046=AXIS2_PLACEMENT_3D('',#3085,#2550,#2551);
#2047=AXIS2_PLACEMENT_3D('',#3086,#2552,#2553);
#2048=AXIS2_PLACEMENT_3D('',#3087,#2554,#2555);
#2049=AXIS2_PLACEMENT_3D('',#3089,#2556,#2557);
#2050=AXIS2_PLACEMENT_3D('',#3090,#2558,#2559);
#2051=AXIS2_PLACEMENT_3D('',#3091,#2560,#2561);
#2052=AXIS2_PLACEMENT_3D('',#3100,#2566,#2567);
#2053=AXIS2_PLACEMENT_3D('',#3106,#2571,#2572);
#2054=AXIS2_PLACEMENT_3D('',#3112,#2576,#2577);
#2055=AXIS2_PLACEMENT_3D('',#3115,#2580,#2581);
#2056=AXIS2_PLACEMENT_3D('',#3116,#2582,#2583);
#2057=AXIS2_PLACEMENT_3D('',#3118,#2584,#2585);
#2058=AXIS2_PLACEMENT_3D('',#3120,#2586,#2587);
#2059=AXIS2_PLACEMENT_3D('',#3122,#2588,#2589);
#2060=AXIS2_PLACEMENT_3D('',#3124,#2590,#2591);
#2061=AXIS2_PLACEMENT_3D('',#3125,#2592,#2593);
#2062=AXIS2_PLACEMENT_3D('',#3127,#2594,#2595);
#2063=AXIS2_PLACEMENT_3D('',#3129,#2596,#2597);
#2064=AXIS2_PLACEMENT_3D('',#3131,#2598,#2599);
#2065=AXIS2_PLACEMENT_3D('',#3133,#2600,#2601);
#2066=AXIS2_PLACEMENT_3D('',#3134,#2602,#2603);
#2067=AXIS2_PLACEMENT_3D('',#3135,#2604,#2605);
#2068=AXIS2_PLACEMENT_3D('',#3136,#2606,#2607);
#2069=AXIS2_PLACEMENT_3D('',#3137,#2608,#2609);
#2070=DIRECTION('',(0.,0.,1.));
#2071=DIRECTION('',(1.,0.,0.));
#2072=DIRECTION('',(1.79880593750025E-16,-1.,0.));
#2073=DIRECTION('',(1.,1.79880593750025E-16,0.));
#2074=DIRECTION('',(-1.,-1.79880593750025E-16,0.));
#2075=DIRECTION('',(0.,0.,-1.));
#2076=DIRECTION('',(-1.,-1.79880593750025E-16,0.));
#2077=DIRECTION('',(0.,0.,-1.));
#2078=DIRECTION('',(-1.,-1.79880593750025E-16,0.));
#2079=DIRECTION('',(1.79880593750025E-16,-1.,0.));
#2080=DIRECTION('',(-1.79880593750025E-16,1.,0.));
#2081=DIRECTION('',(0.,0.,-1.));
#2082=DIRECTION('',(-1.79880593750025E-16,1.,0.));
#2083=DIRECTION('',(1.79880593750025E-16,-1.,0.));
#2084=DIRECTION('',(1.,1.79880593750025E-16,0.));
#2085=DIRECTION('',(-1.,-1.79880593750025E-16,0.));
#2086=DIRECTION('',(0.,0.,-1.));
#2087=DIRECTION('',(-1.,-1.79880593750025E-16,0.));
#2088=DIRECTION('',(-1.,-2.42830932770157E-16,0.));
#2089=DIRECTION('',(2.42830932770157E-16,-1.,0.));
#2090=DIRECTION('',(-2.42830932770157E-16,1.,0.));
#2091=DIRECTION('',(0.,0.,-1.));
#2092=DIRECTION('',(-2.42830932770157E-16,1.,0.));
#2093=DIRECTION('',(0.,0.,-1.));
#2094=DIRECTION('',(1.82123199577617E-16,-1.,0.));
#2095=DIRECTION('',(1.,1.82123199577617E-16,0.));
#2096=DIRECTION('',(-1.,-1.82123199577617E-16,0.));
#2097=DIRECTION('',(0.,0.,-1.));
#2098=DIRECTION('',(-1.,-1.82123199577617E-16,0.));
#2099=DIRECTION('',(-1.,-2.42830932770157E-16,0.));
#2100=DIRECTION('',(2.42830932770157E-16,-1.,0.));
#2101=DIRECTION('',(-2.42830932770157E-16,1.,0.));
#2102=DIRECTION('',(0.,0.,-1.));
#2103=DIRECTION('',(-2.42830932770157E-16,1.,0.));
#2104=DIRECTION('',(0.,0.,-1.));
#2105=DIRECTION('',(-1.,0.,0.));
#2106=DIRECTION('',(0.,0.,1.));
#2107=DIRECTION('',(1.,0.,0.));
#2108=DIRECTION('',(0.,0.,1.));
#2109=DIRECTION('',(1.,0.,0.));
#2110=DIRECTION('',(0.,0.,-1.));
#2111=DIRECTION('',(-1.,0.,0.));
#2112=DIRECTION('',(0.,0.,1.));
#2113=DIRECTION('',(1.,0.,0.));
#2114=DIRECTION('',(0.,0.,1.));
#2115=DIRECTION('',(1.,0.,0.));
#2116=DIRECTION('',(0.,0.,-1.));
#2117=DIRECTION('',(-1.,0.,0.));
#2118=DIRECTION('',(0.,0.,1.));
#2119=DIRECTION('',(1.,0.,0.));
#2120=DIRECTION('',(0.,0.,1.));
#2121=DIRECTION('',(1.,0.,0.));
#2122=DIRECTION('',(0.,0.,-1.));
#2123=DIRECTION('',(-1.,0.,0.));
#2124=DIRECTION('',(0.,0.,1.));
#2125=DIRECTION('',(1.,0.,0.));
#2126=DIRECTION('',(0.,0.,1.));
#2127=DIRECTION('',(1.,0.,0.));
#2128=DIRECTION('',(1.21415466385078E-16,-1.,0.));
#2129=DIRECTION('',(1.,1.21415466385078E-16,0.));
#2130=DIRECTION('',(-1.,-1.21415466385078E-16,0.));
#2131=DIRECTION('',(-1.,-1.21415466385078E-16,0.));
#2132=DIRECTION('',(-1.,-1.79880593750025E-16,0.));
#2133=DIRECTION('',(1.79880593750025E-16,-1.,0.));
#2134=DIRECTION('',(-1.79880593750025E-16,1.,0.));
#2135=DIRECTION('',(-1.79880593750025E-16,1.,0.));
#2136=DIRECTION('',(0.,0.,1.));
#2137=DIRECTION('',(1.,0.,0.));
#2138=DIRECTION('',(0.,0.,1.));
#2139=DIRECTION('',(1.,0.,0.));
#2140=DIRECTION('',(0.,0.,1.));
#2141=DIRECTION('',(1.,0.,0.));
#2142=DIRECTION('',(0.,0.,1.));
#2143=DIRECTION('',(1.,0.,0.));
#2144=DIRECTION('',(0.,0.,1.));
#2145=DIRECTION('',(1.,0.,0.));
#2146=DIRECTION('',(0.,0.,1.));
#2147=DIRECTION('',(1.,0.,0.));
#2148=DIRECTION('',(0.,0.,1.));
#2149=DIRECTION('',(1.,0.,0.));
#2150=DIRECTION('',(0.,-1.,0.));
#2151=DIRECTION('',(0.,0.,1.));
#2152=DIRECTION('',(1.,0.,0.));
#2153=DIRECTION('',(1.,0.,0.));
#2154=DIRECTION('',(0.,0.,1.));
#2155=DIRECTION('',(1.,0.,0.));
#2156=DIRECTION('',(0.,-1.,0.));
#2157=DIRECTION('',(0.,0.,1.));
#2158=DIRECTION('',(1.,0.,0.));
#2159=DIRECTION('',(1.,0.,0.));
#2160=DIRECTION('',(0.,0.,1.));
#2161=DIRECTION('',(1.,0.,0.));
#2162=DIRECTION('',(0.,-1.,0.));
#2163=DIRECTION('',(0.,0.,1.));
#2164=DIRECTION('',(1.,0.,0.));
#2165=DIRECTION('',(1.,0.,0.));
#2166=DIRECTION('',(0.,0.,1.));
#2167=DIRECTION('',(1.,0.,0.));
#2168=DIRECTION('',(0.,-1.,0.));
#2169=DIRECTION('',(0.,0.,1.));
#2170=DIRECTION('',(1.,0.,0.));
#2171=DIRECTION('',(1.,0.,0.));
#2172=DIRECTION('',(0.,0.,1.));
#2173=DIRECTION('',(1.,0.,0.));
#2174=DIRECTION('',(0.,-1.,0.));
#2175=DIRECTION('',(0.,0.,1.));
#2176=DIRECTION('',(1.,0.,0.));
#2177=DIRECTION('',(1.,0.,0.));
#2178=DIRECTION('',(0.,0.,1.));
#2179=DIRECTION('',(1.,0.,0.));
#2180=DIRECTION('',(0.,-1.,0.));
#2181=DIRECTION('',(0.,0.,1.));
#2182=DIRECTION('',(1.,0.,0.));
#2183=DIRECTION('',(1.,0.,0.));
#2184=DIRECTION('',(0.,0.,1.));
#2185=DIRECTION('',(1.,0.,0.));
#2186=DIRECTION('',(0.,-1.,0.));
#2187=DIRECTION('',(0.,0.,1.));
#2188=DIRECTION('',(1.,0.,0.));
#2189=DIRECTION('',(1.,0.,0.));
#2190=DIRECTION('',(0.,0.,1.));
#2191=DIRECTION('',(1.,0.,0.));
#2192=DIRECTION('',(0.,-1.,0.));
#2193=DIRECTION('',(0.,0.,1.));
#2194=DIRECTION('',(1.,0.,0.));
#2195=DIRECTION('',(1.,0.,0.));
#2196=DIRECTION('',(0.,0.,1.));
#2197=DIRECTION('',(1.,0.,0.));
#2198=DIRECTION('',(0.,-1.,0.));
#2199=DIRECTION('',(0.,0.,1.));
#2200=DIRECTION('',(1.,0.,0.));
#2201=DIRECTION('',(1.,0.,0.));
#2202=DIRECTION('',(0.,0.,1.));
#2203=DIRECTION('',(1.,0.,0.));
#2204=DIRECTION('',(0.,-1.,0.));
#2205=DIRECTION('',(0.,0.,1.));
#2206=DIRECTION('',(1.,0.,0.));
#2207=DIRECTION('',(1.,0.,0.));
#2208=DIRECTION('',(0.,0.,1.));
#2209=DIRECTION('',(1.,0.,0.));
#2210=DIRECTION('',(0.,-1.,0.));
#2211=DIRECTION('',(0.,0.,1.));
#2212=DIRECTION('',(1.,0.,0.));
#2213=DIRECTION('',(1.,0.,0.));
#2214=DIRECTION('',(0.,0.,1.));
#2215=DIRECTION('',(1.,0.,0.));
#2216=DIRECTION('',(0.,-1.,0.));
#2217=DIRECTION('',(0.,0.,1.));
#2218=DIRECTION('',(1.,0.,0.));
#2219=DIRECTION('',(1.,0.,0.));
#2220=DIRECTION('',(0.,0.,1.));
#2221=DIRECTION('',(1.,0.,0.));
#2222=DIRECTION('',(0.,-1.,0.));
#2223=DIRECTION('',(0.,0.,1.));
#2224=DIRECTION('',(1.,0.,0.));
#2225=DIRECTION('',(1.,0.,0.));
#2226=DIRECTION('',(0.,0.,1.));
#2227=DIRECTION('',(1.,0.,0.));
#2228=DIRECTION('',(0.,-1.,0.));
#2229=DIRECTION('',(0.,0.,1.));
#2230=DIRECTION('',(1.,0.,0.));
#2231=DIRECTION('',(1.,0.,0.));
#2232=DIRECTION('',(0.,0.,1.));
#2233=DIRECTION('',(1.,0.,0.));
#2234=DIRECTION('',(0.,-1.,0.));
#2235=DIRECTION('',(0.,0.,1.));
#2236=DIRECTION('',(1.,0.,0.));
#2237=DIRECTION('',(1.,0.,0.));
#2238=DIRECTION('',(0.,0.,1.));
#2239=DIRECTION('',(1.,0.,0.));
#2240=DIRECTION('',(0.,-1.,0.));
#2241=DIRECTION('',(0.,0.,1.));
#2242=DIRECTION('',(1.,0.,0.));
#2243=DIRECTION('',(1.,0.,0.));
#2244=DIRECTION('',(0.,0.,1.));
#2245=DIRECTION('',(1.,0.,0.));
#2246=DIRECTION('',(0.,0.,1.));
#2247=DIRECTION('',(1.,0.,0.));
#2248=DIRECTION('',(1.,0.,0.));
#2249=DIRECTION('',(0.,0.,1.));
#2250=DIRECTION('',(1.,0.,0.));
#2251=DIRECTION('',(0.,-1.,0.));
#2252=DIRECTION('',(0.,0.,1.));
#2253=DIRECTION('',(1.,0.,0.));
#2254=DIRECTION('',(1.,0.,0.));
#2255=DIRECTION('',(0.,0.,1.));
#2256=DIRECTION('',(1.,0.,0.));
#2257=DIRECTION('',(0.,-1.,0.));
#2258=DIRECTION('',(0.,0.,1.));
#2259=DIRECTION('',(1.,0.,0.));
#2260=DIRECTION('',(1.,0.,0.));
#2261=DIRECTION('',(0.,0.,1.));
#2262=DIRECTION('',(1.,0.,0.));
#2263=DIRECTION('',(0.,-1.,0.));
#2264=DIRECTION('',(0.,0.,1.));
#2265=DIRECTION('',(1.,0.,0.));
#2266=DIRECTION('',(1.,0.,0.));
#2267=DIRECTION('',(0.,0.,1.));
#2268=DIRECTION('',(1.,0.,0.));
#2269=DIRECTION('',(0.,-1.,0.));
#2270=DIRECTION('',(0.,0.,1.));
#2271=DIRECTION('',(1.,0.,0.));
#2272=DIRECTION('',(1.,0.,0.));
#2273=DIRECTION('',(0.,0.,1.));
#2274=DIRECTION('',(1.,0.,0.));
#2275=DIRECTION('',(0.,-1.,0.));
#2276=DIRECTION('',(0.,0.,1.));
#2277=DIRECTION('',(1.,0.,0.));
#2278=DIRECTION('',(1.,0.,0.));
#2279=DIRECTION('',(0.,0.,1.));
#2280=DIRECTION('',(1.,0.,0.));
#2281=DIRECTION('',(0.,-1.,0.));
#2282=DIRECTION('',(0.,0.,1.));
#2283=DIRECTION('',(1.,0.,0.));
#2284=DIRECTION('',(1.,0.,0.));
#2285=DIRECTION('',(0.,0.,1.));
#2286=DIRECTION('',(1.,0.,0.));
#2287=DIRECTION('',(0.,-1.,0.));
#2288=DIRECTION('',(0.,0.,1.));
#2289=DIRECTION('',(1.,0.,0.));
#2290=DIRECTION('',(1.,0.,0.));
#2291=DIRECTION('',(0.,0.,1.));
#2292=DIRECTION('',(1.,0.,0.));
#2293=DIRECTION('',(0.,-1.,0.));
#2294=DIRECTION('',(0.,0.,1.));
#2295=DIRECTION('',(1.,0.,0.));
#2296=DIRECTION('',(1.,0.,0.));
#2297=DIRECTION('',(0.,0.,1.));
#2298=DIRECTION('',(1.,0.,0.));
#2299=DIRECTION('',(0.,-1.,0.));
#2300=DIRECTION('',(0.,0.,1.));
#2301=DIRECTION('',(1.,0.,0.));
#2302=DIRECTION('',(1.,0.,0.));
#2303=DIRECTION('',(0.,0.,1.));
#2304=DIRECTION('',(1.,0.,0.));
#2305=DIRECTION('',(0.,-1.,0.));
#2306=DIRECTION('',(0.,0.,1.));
#2307=DIRECTION('',(1.,0.,0.));
#2308=DIRECTION('',(1.,0.,0.));
#2309=DIRECTION('',(0.,0.,1.));
#2310=DIRECTION('',(1.,0.,0.));
#2311=DIRECTION('',(0.,-1.,0.));
#2312=DIRECTION('',(0.,0.,1.));
#2313=DIRECTION('',(1.,0.,0.));
#2314=DIRECTION('',(1.,0.,0.));
#2315=DIRECTION('',(0.,0.,1.));
#2316=DIRECTION('',(1.,0.,0.));
#2317=DIRECTION('',(0.,-1.,0.));
#2318=DIRECTION('',(0.,0.,1.));
#2319=DIRECTION('',(1.,0.,0.));
#2320=DIRECTION('',(1.,0.,0.));
#2321=DIRECTION('',(0.,0.,1.));
#2322=DIRECTION('',(1.,0.,0.));
#2323=DIRECTION('',(0.,-1.,0.));
#2324=DIRECTION('',(0.,0.,1.));
#2325=DIRECTION('',(1.,0.,0.));
#2326=DIRECTION('',(1.,0.,0.));
#2327=DIRECTION('',(0.,0.,1.));
#2328=DIRECTION('',(1.,0.,0.));
#2329=DIRECTION('',(0.,-1.,0.));
#2330=DIRECTION('',(0.,0.,1.));
#2331=DIRECTION('',(1.,0.,0.));
#2332=DIRECTION('',(1.,0.,0.));
#2333=DIRECTION('',(0.,0.,1.));
#2334=DIRECTION('',(1.,0.,0.));
#2335=DIRECTION('',(0.,-1.,0.));
#2336=DIRECTION('',(0.,0.,1.));
#2337=DIRECTION('',(1.,0.,0.));
#2338=DIRECTION('',(1.,0.,0.));
#2339=DIRECTION('',(0.,0.,1.));
#2340=DIRECTION('',(1.,0.,0.));
#2341=DIRECTION('',(0.,-1.,0.));
#2342=DIRECTION('',(1.,0.,0.));
#2343=DIRECTION('',(0.,0.,-1.));
#2344=DIRECTION('',(0.,0.,-1.));
#2345=DIRECTION('',(0.,0.,-1.));
#2346=DIRECTION('',(1.,0.,0.));
#2347=DIRECTION('',(0.,0.,-1.));
#2348=DIRECTION('',(0.,0.,-1.));
#2349=DIRECTION('',(0.,0.,-1.));
#2350=DIRECTION('',(1.,0.,0.));
#2351=DIRECTION('',(0.,0.,-1.));
#2352=DIRECTION('',(0.,0.,-1.));
#2353=DIRECTION('',(0.,0.,-1.));
#2354=DIRECTION('',(1.,0.,0.));
#2355=DIRECTION('',(0.,0.,-1.));
#2356=DIRECTION('',(0.,0.,-1.));
#2357=DIRECTION('',(0.,0.,-1.));
#2358=DIRECTION('',(1.,0.,0.));
#2359=DIRECTION('',(0.,0.,-1.));
#2360=DIRECTION('',(0.,0.,-1.));
#2361=DIRECTION('',(0.,0.,-1.));
#2362=DIRECTION('',(1.,0.,0.));
#2363=DIRECTION('',(0.,0.,-1.));
#2364=DIRECTION('',(0.,0.,-1.));
#2365=DIRECTION('',(0.,0.,-1.));
#2366=DIRECTION('',(1.,0.,0.));
#2367=DIRECTION('',(0.,0.,-1.));
#2368=DIRECTION('',(0.,0.,-1.));
#2369=DIRECTION('',(0.,0.,-1.));
#2370=DIRECTION('',(1.,0.,0.));
#2371=DIRECTION('',(0.,0.,-1.));
#2372=DIRECTION('',(0.,0.,-1.));
#2373=DIRECTION('',(0.,0.,-1.));
#2374=DIRECTION('',(0.,0.,-1.));
#2375=DIRECTION('',(-1.,0.,0.));
#2376=DIRECTION('',(0.,0.,-1.));
#2377=DIRECTION('',(0.,1.,0.));
#2378=DIRECTION('',(0.,0.,1.));
#2379=DIRECTION('',(0.,0.,-1.));
#2380=DIRECTION('',(0.,0.,-1.));
#2381=DIRECTION('',(-1.,0.,0.));
#2382=DIRECTION('',(0.,0.,-1.));
#2383=DIRECTION('',(1.,0.,0.));
#2384=DIRECTION('',(0.,0.,-1.));
#2385=DIRECTION('',(0.,0.,-1.));
#2386=DIRECTION('',(0.,0.,-1.));
#2387=DIRECTION('',(-1.,0.,0.));
#2388=DIRECTION('',(0.,0.,-1.));
#2389=DIRECTION('',(0.,1.,0.));
#2390=DIRECTION('',(0.,0.,1.));
#2391=DIRECTION('',(0.,0.,-1.));
#2392=DIRECTION('',(0.,0.,-1.));
#2393=DIRECTION('',(-1.,0.,0.));
#2394=DIRECTION('',(0.,0.,-1.));
#2395=DIRECTION('',(-1.,0.,0.));
#2396=DIRECTION('',(0.,0.,-1.));
#2397=DIRECTION('',(0.,1.,0.));
#2398=DIRECTION('',(0.,0.,1.));
#2399=DIRECTION('',(0.,0.,-1.));
#2400=DIRECTION('',(0.,0.,-1.));
#2401=DIRECTION('',(-1.,0.,0.));
#2402=DIRECTION('',(0.,0.,-1.));
#2403=DIRECTION('',(1.,0.,0.));
#2404=DIRECTION('',(0.,0.,-1.));
#2405=DIRECTION('',(0.,0.,-1.));
#2406=DIRECTION('',(0.,0.,-1.));
#2407=DIRECTION('',(-1.,0.,0.));
#2408=DIRECTION('',(0.,0.,-1.));
#2409=DIRECTION('',(0.,1.,0.));
#2410=DIRECTION('',(0.,0.,1.));
#2411=DIRECTION('',(0.,0.,-1.));
#2412=DIRECTION('',(0.,0.,-1.));
#2413=DIRECTION('',(-1.,0.,0.));
#2414=DIRECTION('',(0.,0.,-1.));
#2415=DIRECTION('',(-1.,0.,0.));
#2416=DIRECTION('',(0.,0.,-1.));
#2417=DIRECTION('',(0.,1.,0.));
#2418=DIRECTION('',(0.,0.,1.));
#2419=DIRECTION('',(0.,0.,-1.));
#2420=DIRECTION('',(0.,0.,-1.));
#2421=DIRECTION('',(-1.,0.,0.));
#2422=DIRECTION('',(0.,0.,-1.));
#2423=DIRECTION('',(1.,0.,0.));
#2424=DIRECTION('',(0.,0.,-1.));
#2425=DIRECTION('',(0.,0.,-1.));
#2426=DIRECTION('',(0.,0.,-1.));
#2427=DIRECTION('',(-1.,0.,0.));
#2428=DIRECTION('',(0.,0.,-1.));
#2429=DIRECTION('',(0.,1.,0.));
#2430=DIRECTION('',(0.,0.,1.));
#2431=DIRECTION('',(0.,0.,-1.));
#2432=DIRECTION('',(0.,0.,-1.));
#2433=DIRECTION('',(-1.,0.,0.));
#2434=DIRECTION('',(0.,0.,-1.));
#2435=DIRECTION('',(-1.,0.,0.));
#2436=DIRECTION('',(0.,0.,-1.));
#2437=DIRECTION('',(0.,1.,0.));
#2438=DIRECTION('',(0.,0.,1.));
#2439=DIRECTION('',(0.,0.,-1.));
#2440=DIRECTION('',(0.,0.,-1.));
#2441=DIRECTION('',(-1.,0.,0.));
#2442=DIRECTION('',(0.,0.,-1.));
#2443=DIRECTION('',(1.,0.,0.));
#2444=DIRECTION('',(0.,0.,-1.));
#2445=DIRECTION('',(0.,0.,-1.));
#2446=DIRECTION('',(0.,0.,-1.));
#2447=DIRECTION('',(-1.,0.,0.));
#2448=DIRECTION('',(0.,0.,-1.));
#2449=DIRECTION('',(0.,1.,0.));
#2450=DIRECTION('',(0.,0.,1.));
#2451=DIRECTION('',(0.,0.,-1.));
#2452=DIRECTION('',(0.,0.,-1.));
#2453=DIRECTION('',(-1.,0.,0.));
#2454=DIRECTION('',(0.,0.,-1.));
#2455=DIRECTION('',(-1.,0.,0.));
#2456=DIRECTION('',(0.,0.,-1.));
#2457=DIRECTION('',(0.,1.,0.));
#2458=DIRECTION('',(0.,0.,1.));
#2459=DIRECTION('',(0.,0.,-1.));
#2460=DIRECTION('',(0.,0.,-1.));
#2461=DIRECTION('',(-1.,0.,0.));
#2462=DIRECTION('',(0.,0.,-1.));
#2463=DIRECTION('',(1.,0.,0.));
#2464=DIRECTION('',(0.,0.,-1.));
#2465=DIRECTION('',(0.,0.,-1.));
#2466=DIRECTION('',(0.,0.,-1.));
#2467=DIRECTION('',(-1.,0.,0.));
#2468=DIRECTION('',(0.,0.,-1.));
#2469=DIRECTION('',(0.,1.,0.));
#2470=DIRECTION('',(0.,0.,1.));
#2471=DIRECTION('',(0.,0.,-1.));
#2472=DIRECTION('',(0.,0.,-1.));
#2473=DIRECTION('',(-1.,0.,0.));
#2474=DIRECTION('',(0.,0.,-1.));
#2475=DIRECTION('',(-1.,0.,0.));
#2476=DIRECTION('',(0.,0.,-1.));
#2477=DIRECTION('',(0.,1.,0.));
#2478=DIRECTION('',(0.,0.,1.));
#2479=DIRECTION('',(0.,0.,-1.));
#2480=DIRECTION('',(0.,0.,-1.));
#2481=DIRECTION('',(-1.,0.,0.));
#2482=DIRECTION('',(0.,0.,-1.));
#2483=DIRECTION('',(1.,0.,0.));
#2484=DIRECTION('',(0.,0.,-1.));
#2485=DIRECTION('',(0.,0.,-1.));
#2486=DIRECTION('',(0.,0.,-1.));
#2487=DIRECTION('',(-1.,0.,0.));
#2488=DIRECTION('',(0.,0.,-1.));
#2489=DIRECTION('',(0.,1.,0.));
#2490=DIRECTION('',(0.,0.,1.));
#2491=DIRECTION('',(0.,0.,-1.));
#2492=DIRECTION('',(0.,0.,-1.));
#2493=DIRECTION('',(-1.,0.,0.));
#2494=DIRECTION('',(0.,0.,-1.));
#2495=DIRECTION('',(-1.,0.,0.));
#2496=DIRECTION('',(0.,0.,-1.));
#2497=DIRECTION('',(0.,1.,0.));
#2498=DIRECTION('',(0.,0.,1.));
#2499=DIRECTION('',(0.,0.,-1.));
#2500=DIRECTION('',(0.,0.,-1.));
#2501=DIRECTION('',(-1.,0.,0.));
#2502=DIRECTION('',(0.,0.,-1.));
#2503=DIRECTION('',(1.,0.,0.));
#2504=DIRECTION('',(0.,0.,-1.));
#2505=DIRECTION('',(0.,0.,-1.));
#2506=DIRECTION('',(0.,0.,-1.));
#2507=DIRECTION('',(-1.,0.,0.));
#2508=DIRECTION('',(0.,0.,-1.));
#2509=DIRECTION('',(0.,1.,0.));
#2510=DIRECTION('',(0.,0.,1.));
#2511=DIRECTION('',(0.,0.,-1.));
#2512=DIRECTION('',(0.,0.,-1.));
#2513=DIRECTION('',(-1.,0.,0.));
#2514=DIRECTION('',(0.,0.,-1.));
#2515=DIRECTION('',(-1.,0.,0.));
#2516=DIRECTION('',(0.,0.,-1.));
#2517=DIRECTION('',(0.,1.,0.));
#2518=DIRECTION('',(0.,0.,1.));
#2519=DIRECTION('',(0.,0.,-1.));
#2520=DIRECTION('',(0.,0.,-1.));
#2521=DIRECTION('',(-1.,0.,0.));
#2522=DIRECTION('',(0.,0.,-1.));
#2523=DIRECTION('',(1.,0.,0.));
#2524=DIRECTION('',(0.,0.,-1.));
#2525=DIRECTION('',(0.,0.,-1.));
#2526=DIRECTION('',(0.,0.,-1.));
#2527=DIRECTION('',(-1.,0.,0.));
#2528=DIRECTION('',(0.,0.,-1.));
#2529=DIRECTION('',(0.,1.,0.));
#2530=DIRECTION('',(0.,0.,1.));
#2531=DIRECTION('',(0.,0.,-1.));
#2532=DIRECTION('',(0.,0.,-1.));
#2533=DIRECTION('',(-1.,0.,0.));
#2534=DIRECTION('',(0.,0.,-1.));
#2535=DIRECTION('',(-1.,0.,0.));
#2536=DIRECTION('',(0.,0.,1.));
#2537=DIRECTION('',(1.,0.,0.));
#2538=DIRECTION('',(0.,0.,1.));
#2539=DIRECTION('',(1.,0.,0.));
#2540=DIRECTION('',(0.,0.,-1.));
#2541=DIRECTION('',(-1.,0.,0.));
#2542=DIRECTION('',(0.,0.,1.));
#2543=DIRECTION('',(1.,0.,0.));
#2544=DIRECTION('',(0.,0.,1.));
#2545=DIRECTION('',(1.,0.,0.));
#2546=DIRECTION('',(0.,0.,-1.));
#2547=DIRECTION('',(-1.,0.,0.));
#2548=DIRECTION('',(0.,0.,1.));
#2549=DIRECTION('',(1.,0.,0.));
#2550=DIRECTION('',(0.,0.,1.));
#2551=DIRECTION('',(1.,0.,0.));
#2552=DIRECTION('',(0.,0.,-1.));
#2553=DIRECTION('',(-1.,0.,0.));
#2554=DIRECTION('',(0.,0.,1.));
#2555=DIRECTION('',(1.,0.,0.));
#2556=DIRECTION('',(0.,0.,1.));
#2557=DIRECTION('',(1.,0.,0.));
#2558=DIRECTION('',(0.,0.,1.));
#2559=DIRECTION('',(1.,0.,0.));
#2560=DIRECTION('',(1.79880593750025E-16,-1.,0.));
#2561=DIRECTION('',(1.,1.79880593750025E-16,0.));
#2562=DIRECTION('',(-1.,-1.79880593750025E-16,0.));
#2563=DIRECTION('',(0.,0.,-1.));
#2564=DIRECTION('',(-1.,-1.79880593750025E-16,0.));
#2565=DIRECTION('',(0.,0.,-1.));
#2566=DIRECTION('',(-1.,-1.79880593750025E-16,0.));
#2567=DIRECTION('',(1.79880593750025E-16,-1.,0.));
#2568=DIRECTION('',(-1.79880593750025E-16,1.,0.));
#2569=DIRECTION('',(0.,0.,-1.));
#2570=DIRECTION('',(-1.79880593750025E-16,1.,0.));
#2571=DIRECTION('',(1.79880593750025E-16,-1.,0.));
#2572=DIRECTION('',(1.,1.79880593750025E-16,0.));
#2573=DIRECTION('',(-1.,-1.79880593750025E-16,0.));
#2574=DIRECTION('',(0.,0.,-1.));
#2575=DIRECTION('',(-1.,-1.79880593750025E-16,0.));
#2576=DIRECTION('',(-1.,-1.79880593750025E-16,0.));
#2577=DIRECTION('',(1.79880593750025E-16,-1.,0.));
#2578=DIRECTION('',(-1.79880593750025E-16,1.,0.));
#2579=DIRECTION('',(-1.79880593750025E-16,1.,0.));
#2580=DIRECTION('',(0.,0.,1.));
#2581=DIRECTION('',(1.,0.,0.));
#2582=DIRECTION('',(0.,0.,1.));
#2583=DIRECTION('',(1.,0.,0.));
#2584=DIRECTION('',(0.,0.,1.));
#2585=DIRECTION('',(1.,0.,0.));
#2586=DIRECTION('',(0.,0.,1.));
#2587=DIRECTION('',(1.,0.,0.));
#2588=DIRECTION('',(0.,0.,1.));
#2589=DIRECTION('',(1.,0.,0.));
#2590=DIRECTION('',(0.,0.,1.));
#2591=DIRECTION('',(1.,0.,0.));
#2592=DIRECTION('',(0.,0.,1.));
#2593=DIRECTION('',(1.,0.,0.));
#2594=DIRECTION('',(0.,0.,1.));
#2595=DIRECTION('',(1.,0.,0.));
#2596=DIRECTION('',(0.,0.,1.));
#2597=DIRECTION('',(1.,0.,0.));
#2598=DIRECTION('',(0.,0.,1.));
#2599=DIRECTION('',(1.,0.,0.));
#2600=DIRECTION('',(0.,0.,-1.));
#2601=DIRECTION('',(-1.,0.,0.));
#2602=DIRECTION('',(0.,0.,-1.));
#2603=DIRECTION('',(-1.,0.,0.));
#2604=DIRECTION('',(0.,0.,-1.));
#2605=DIRECTION('',(-1.,0.,0.));
#2606=DIRECTION('',(0.,0.,-1.));
#2607=DIRECTION('',(-1.,0.,0.));
#2608=DIRECTION('',(0.,0.,1.));
#2609=DIRECTION('',(1.,0.,0.));
#2610=CARTESIAN_POINT('',(0.,0.,0.));
#2611=CARTESIAN_POINT('',(6.93889390390723E-18,-0.038575,0.013));
#2612=CARTESIAN_POINT('',(6.93889390390723E-18,-0.038575,0.));
#2613=CARTESIAN_POINT('',(0.038575,-0.038575,0.));
#2614=CARTESIAN_POINT('',(-0.038575,-0.038575,0.));
#2615=CARTESIAN_POINT('',(0.038575,-0.038575,0.013));
#2616=CARTESIAN_POINT('',(0.038575,-0.038575,0.016));
#2617=CARTESIAN_POINT('',(6.93889390390723E-18,-0.038575,0.016));
#2618=CARTESIAN_POINT('',(-0.038575,-0.038575,0.016));
#2619=CARTESIAN_POINT('',(-0.038575,-0.038575,0.013));
#2620=CARTESIAN_POINT('',(0.038575,6.93889390390723E-18,0.013));
#2621=CARTESIAN_POINT('',(0.038575,6.93889390390723E-18,0.));
#2622=CARTESIAN_POINT('',(0.038575,0.038575,0.));
#2623=CARTESIAN_POINT('',(0.038575,0.038575,0.013));
#2624=CARTESIAN_POINT('',(0.038575,0.038575,0.016));
#2625=CARTESIAN_POINT('',(0.038575,6.93889390390723E-18,0.016));
#2626=CARTESIAN_POINT('',(-6.93889390390723E-18,0.038575,0.013));
#2627=CARTESIAN_POINT('',(-6.93889390390723E-18,0.038575,0.));
#2628=CARTESIAN_POINT('',(-0.038575,0.038575,0.));
#2629=CARTESIAN_POINT('',(-0.038575,0.038575,0.013));
#2630=CARTESIAN_POINT('',(-0.038575,0.038575,0.016));
#2631=CARTESIAN_POINT('',(-6.93889390390723E-18,0.038575,0.016));
#2632=CARTESIAN_POINT('',(0.028575,3.46944695195361E-18,0.013));
#2633=CARTESIAN_POINT('',(0.028575,3.46944695195361E-18,0.));
#2634=CARTESIAN_POINT('',(0.028575,-0.028575,0.));
#2635=CARTESIAN_POINT('',(0.028575,0.028575,0.));
#2636=CARTESIAN_POINT('',(0.028575,-0.028575,0.013));
#2637=CARTESIAN_POINT('',(0.028575,-0.028575,0.013));
#2638=CARTESIAN_POINT('',(0.028575,3.46944695195361E-18,0.013));
#2639=CARTESIAN_POINT('',(0.028575,0.028575,0.013));
#2640=CARTESIAN_POINT('',(0.028575,0.028575,0.013));
#2641=CARTESIAN_POINT('',(3.46944695195361E-18,-0.028575,0.013));
#2642=CARTESIAN_POINT('',(3.46944695195361E-18,-0.028575,0.));
#2643=CARTESIAN_POINT('',(-0.028575,-0.028575,0.));
#2644=CARTESIAN_POINT('',(-0.028575,-0.028575,0.013));
#2645=CARTESIAN_POINT('',(-0.028575,-0.028575,0.013));
#2646=CARTESIAN_POINT('',(3.46944695195361E-18,-0.028575,0.013));
#2647=CARTESIAN_POINT('',(-0.028575,-6.93889390390723E-18,0.013));
#2648=CARTESIAN_POINT('',(-0.028575,-6.93889390390723E-18,0.));
#2649=CARTESIAN_POINT('',(-0.028575,0.028575,0.));
#2650=CARTESIAN_POINT('',(-0.028575,0.028575,0.013));
#2651=CARTESIAN_POINT('',(-0.028575,0.028575,0.013));
#2652=CARTESIAN_POINT('',(-0.028575,-6.93889390390723E-18,0.013));
#2653=CARTESIAN_POINT('',(-0.033575,0.033575,0.013));
#2654=CARTESIAN_POINT('',(-0.033575,0.033575,0.004));
#2655=CARTESIAN_POINT('',(-0.032125,0.033575,0.004));
#2656=CARTESIAN_POINT('',(-0.033575,0.033575,0.016));
#2657=CARTESIAN_POINT('',(-0.032125,0.033575,0.016));
#2658=CARTESIAN_POINT('',(0.033575,0.033575,0.013));
#2659=CARTESIAN_POINT('',(0.033575,0.033575,0.004));
#2660=CARTESIAN_POINT('',(0.035025,0.033575,0.004));
#2661=CARTESIAN_POINT('',(0.033575,0.033575,0.016));
#2662=CARTESIAN_POINT('',(0.035025,0.033575,0.016));
#2663=CARTESIAN_POINT('',(-0.033575,-0.033575,0.013));
#2664=CARTESIAN_POINT('',(-0.033575,-0.033575,0.004));
#2665=CARTESIAN_POINT('',(-0.032125,-0.033575,0.004));
#2666=CARTESIAN_POINT('',(-0.033575,-0.033575,0.016));
#2667=CARTESIAN_POINT('',(-0.032125,-0.033575,0.016));
#2668=CARTESIAN_POINT('',(0.032125,-0.033575,0.013));
#2669=CARTESIAN_POINT('',(0.032125,-0.033575,0.004));
#2670=CARTESIAN_POINT('',(0.033575,-0.033575,0.004));
#2671=CARTESIAN_POINT('',(0.032125,-0.033575,0.016));
#2672=CARTESIAN_POINT('',(0.033575,-0.033575,0.016));
#2673=CARTESIAN_POINT('',(-3.46944695195361E-18,0.028575,0.013));
#2674=CARTESIAN_POINT('',(-3.46944695195361E-18,0.028575,0.));
#2675=CARTESIAN_POINT('',(-3.46944695195361E-18,0.028575,0.013));
#2676=CARTESIAN_POINT('',(-0.038575,-6.93889390390723E-18,0.013));
#2677=CARTESIAN_POINT('',(-0.038575,-6.93889390390723E-18,0.));
#2678=CARTESIAN_POINT('',(-0.038575,-6.93889390390723E-18,0.016));
#2679=CARTESIAN_POINT('',(0.,0.,0.));
#2680=CARTESIAN_POINT('',(0.033575,0.033575,0.));
#2681=CARTESIAN_POINT('',(0.035925,0.033575,0.));
#2682=CARTESIAN_POINT('',(-0.033575,-0.033575,0.));
#2683=CARTESIAN_POINT('',(-0.031225,-0.033575,0.));
#2684=CARTESIAN_POINT('',(0.032125,-0.033575,0.));
#2685=CARTESIAN_POINT('',(0.034475,-0.033575,0.));
#2686=CARTESIAN_POINT('',(-0.033575,0.033575,0.));
#2687=CARTESIAN_POINT('',(-0.031225,0.033575,0.));
#2688=CARTESIAN_POINT('',(-6.93889390390723E-18,6.93889390390723E-18,0.013));
#2689=CARTESIAN_POINT('',(-0.02555,0.02555,0.013));
#2690=CARTESIAN_POINT('',(-0.02555,0.02605,0.013));
#2691=CARTESIAN_POINT('',(-0.02605,0.02555,0.013));
#2692=CARTESIAN_POINT('',(-0.02605,0.01905,0.013));
#2693=CARTESIAN_POINT('',(-0.02605,0.01255,0.013));
#2694=CARTESIAN_POINT('',(-0.02555,0.01255,0.013));
#2695=CARTESIAN_POINT('',(-0.02555,0.01205,0.013));
#2696=CARTESIAN_POINT('',(-0.01905,0.01205,0.013));
#2697=CARTESIAN_POINT('',(-0.01255,0.01205,0.013));
#2698=CARTESIAN_POINT('',(-0.01255,0.01255,0.013));
#2699=CARTESIAN_POINT('',(-0.01205,0.01255,0.013));
#2700=CARTESIAN_POINT('',(-0.01205,0.01905,0.013));
#2701=CARTESIAN_POINT('',(-0.01205,0.02555,0.013));
#2702=CARTESIAN_POINT('',(-0.01255,0.02555,0.013));
#2703=CARTESIAN_POINT('',(-0.01255,0.02605,0.013));
#2704=CARTESIAN_POINT('',(-0.01905,0.02605,0.013));
#2705=CARTESIAN_POINT('',(-0.0065,0.02555,0.013));
#2706=CARTESIAN_POINT('',(-0.0065,0.02605,0.013));
#2707=CARTESIAN_POINT('',(-0.007,0.02555,0.013));
#2708=CARTESIAN_POINT('',(-0.007,0.01905,0.013));
#2709=CARTESIAN_POINT('',(-0.007,0.01255,0.013));
#2710=CARTESIAN_POINT('',(-0.0065,0.01255,0.013));
#2711=CARTESIAN_POINT('',(-0.0065,0.01205,0.013));
#2712=CARTESIAN_POINT('',(1.7347234759768E-18,0.01205,0.013));
#2713=CARTESIAN_POINT('',(0.0065,0.01205,0.013));
#2714=CARTESIAN_POINT('',(0.0065,0.01255,0.013));
#2715=CARTESIAN_POINT('',(0.007,0.01255,0.013));
#2716=CARTESIAN_POINT('',(0.007,0.01905,0.013));
#2717=CARTESIAN_POINT('',(0.007,0.02555,0.013));
#2718=CARTESIAN_POINT('',(0.0065,0.02555,0.013));
#2719=CARTESIAN_POINT('',(0.0065,0.02605,0.013));
#2720=CARTESIAN_POINT('',(1.7347234759768E-18,0.02605,0.013));
#2721=CARTESIAN_POINT('',(0.01255,0.02555,0.013));
#2722=CARTESIAN_POINT('',(0.01255,0.02605,0.013));
#2723=CARTESIAN_POINT('',(0.01205,0.02555,0.013));
#2724=CARTESIAN_POINT('',(0.01205,0.01905,0.013));
#2725=CARTESIAN_POINT('',(0.01205,0.01255,0.013));
#2726=CARTESIAN_POINT('',(0.01255,0.01255,0.013));
#2727=CARTESIAN_POINT('',(0.01255,0.01205,0.013));
#2728=CARTESIAN_POINT('',(0.01905,0.01205,0.013));
#2729=CARTESIAN_POINT('',(0.02555,0.01205,0.013));
#2730=CARTESIAN_POINT('',(0.02555,0.01255,0.013));
#2731=CARTESIAN_POINT('',(0.02605,0.01255,0.013));
#2732=CARTESIAN_POINT('',(0.02605,0.01905,0.013));
#2733=CARTESIAN_POINT('',(0.02605,0.02555,0.013));
#2734=CARTESIAN_POINT('',(0.02555,0.02555,0.013));
#2735=CARTESIAN_POINT('',(0.02555,0.02605,0.013));
#2736=CARTESIAN_POINT('',(0.01905,0.02605,0.013));
#2737=CARTESIAN_POINT('',(-0.02555,0.0065,0.013));
#2738=CARTESIAN_POINT('',(-0.02555,0.007,0.013));
#2739=CARTESIAN_POINT('',(-0.02605,0.0065,0.013));
#2740=CARTESIAN_POINT('',(-0.02605,-1.7347234759768E-18,0.013));
#2741=CARTESIAN_POINT('',(-0.02605,-0.0065,0.013));
#2742=CARTESIAN_POINT('',(-0.02555,-0.0065,0.013));
#2743=CARTESIAN_POINT('',(-0.02555,-0.007,0.013));
#2744=CARTESIAN_POINT('',(-0.01905,-0.007,0.013));
#2745=CARTESIAN_POINT('',(-0.01255,-0.007,0.013));
#2746=CARTESIAN_POINT('',(-0.01255,-0.0065,0.013));
#2747=CARTESIAN_POINT('',(-0.01205,-0.0065,0.013));
#2748=CARTESIAN_POINT('',(-0.01205,-1.7347234759768E-18,0.013));
#2749=CARTESIAN_POINT('',(-0.01205,0.0065,0.013));
#2750=CARTESIAN_POINT('',(-0.01255,0.0065,0.013));
#2751=CARTESIAN_POINT('',(-0.01255,0.007,0.013));
#2752=CARTESIAN_POINT('',(-0.01905,0.007,0.013));
#2753=CARTESIAN_POINT('',(-0.0065,0.0065,0.013));
#2754=CARTESIAN_POINT('',(-0.0065,0.007,0.013));
#2755=CARTESIAN_POINT('',(-0.007,0.0065,0.013));
#2756=CARTESIAN_POINT('',(-0.007,-1.7347234759768E-18,0.013));
#2757=CARTESIAN_POINT('',(-0.007,-0.0065,0.013));
#2758=CARTESIAN_POINT('',(-0.0065,-0.0065,0.013));
#2759=CARTESIAN_POINT('',(-0.0065,-0.007,0.013));
#2760=CARTESIAN_POINT('',(1.7347234759768E-18,-0.007,0.013));
#2761=CARTESIAN_POINT('',(0.0065,-0.007,0.013));
#2762=CARTESIAN_POINT('',(0.0065,-0.0065,0.013));
#2763=CARTESIAN_POINT('',(0.007,-0.0065,0.013));
#2764=CARTESIAN_POINT('',(0.007,-1.7347234759768E-18,0.013));
#2765=CARTESIAN_POINT('',(0.007,0.0065,0.013));
#2766=CARTESIAN_POINT('',(0.0065,0.0065,0.013));
#2767=CARTESIAN_POINT('',(0.0065,0.007,0.013));
#2768=CARTESIAN_POINT('',(1.7347234759768E-18,0.007,0.013));
#2769=CARTESIAN_POINT('',(0.01255,0.0065,0.013));
#2770=CARTESIAN_POINT('',(0.01255,0.007,0.013));
#2771=CARTESIAN_POINT('',(0.01205,0.0065,0.013));
#2772=CARTESIAN_POINT('',(0.01205,-1.7347234759768E-18,0.013));
#2773=CARTESIAN_POINT('',(0.01205,-0.0065,0.013));
#2774=CARTESIAN_POINT('',(0.01255,-0.0065,0.013));
#2775=CARTESIAN_POINT('',(0.01255,-0.007,0.013));
#2776=CARTESIAN_POINT('',(0.01905,-0.007,0.013));
#2777=CARTESIAN_POINT('',(0.02555,-0.007,0.013));
#2778=CARTESIAN_POINT('',(0.02555,-0.0065,0.013));
#2779=CARTESIAN_POINT('',(0.02605,-0.0065,0.013));
#2780=CARTESIAN_POINT('',(0.02605,-1.7347234759768E-18,0.013));
#2781=CARTESIAN_POINT('',(0.02605,0.0065,0.013));
#2782=CARTESIAN_POINT('',(0.02555,0.0065,0.013));
#2783=CARTESIAN_POINT('',(0.02555,0.007,0.013));
#2784=CARTESIAN_POINT('',(0.01905,0.007,0.013));
#2785=CARTESIAN_POINT('',(-0.02555,-0.01255,0.013));
#2786=CARTESIAN_POINT('',(-0.02555,-0.01205,0.013));
#2787=CARTESIAN_POINT('',(-0.02605,-0.01255,0.013));
#2788=CARTESIAN_POINT('',(-0.02605,-0.01905,0.013));
#2789=CARTESIAN_POINT('',(-0.02605,-0.02555,0.013));
#2790=CARTESIAN_POINT('',(-0.02555,-0.02555,0.013));
#2791=CARTESIAN_POINT('',(-0.02555,-0.02605,0.013));
#2792=CARTESIAN_POINT('',(-0.01905,-0.02605,0.013));
#2793=CARTESIAN_POINT('',(-0.01255,-0.02605,0.013));
#2794=CARTESIAN_POINT('',(-0.01255,-0.02555,0.013));
#2795=CARTESIAN_POINT('',(-0.01205,-0.02555,0.013));
#2796=CARTESIAN_POINT('',(-0.01205,-0.01905,0.013));
#2797=CARTESIAN_POINT('',(-0.01205,-0.01255,0.013));
#2798=CARTESIAN_POINT('',(-0.01255,-0.01255,0.013));
#2799=CARTESIAN_POINT('',(-0.01255,-0.01205,0.013));
#2800=CARTESIAN_POINT('',(-0.01905,-0.01205,0.013));
#2801=CARTESIAN_POINT('',(0.01255,-0.01255,0.013));
#2802=CARTESIAN_POINT('',(0.01255,-0.01205,0.013));
#2803=CARTESIAN_POINT('',(0.01205,-0.01255,0.013));
#2804=CARTESIAN_POINT('',(0.01205,-0.01905,0.013));
#2805=CARTESIAN_POINT('',(0.01205,-0.02555,0.013));
#2806=CARTESIAN_POINT('',(0.01255,-0.02555,0.013));
#2807=CARTESIAN_POINT('',(0.01255,-0.02605,0.013));
#2808=CARTESIAN_POINT('',(0.01905,-0.02605,0.013));
#2809=CARTESIAN_POINT('',(0.02555,-0.02605,0.013));
#2810=CARTESIAN_POINT('',(0.02555,-0.02555,0.013));
#2811=CARTESIAN_POINT('',(0.02605,-0.02555,0.013));
#2812=CARTESIAN_POINT('',(0.02605,-0.01905,0.013));
#2813=CARTESIAN_POINT('',(0.02605,-0.01255,0.013));
#2814=CARTESIAN_POINT('',(0.02555,-0.01255,0.013));
#2815=CARTESIAN_POINT('',(0.02555,-0.01205,0.013));
#2816=CARTESIAN_POINT('',(0.01905,-0.01205,0.013));
#2817=CARTESIAN_POINT('',(-6.93889390390723E-18,6.93889390390723E-18,0.016));
#2818=CARTESIAN_POINT('',(-0.02555,0.02555,0.016));
#2819=CARTESIAN_POINT('',(-0.02555,0.02605,0.016));
#2820=CARTESIAN_POINT('',(-0.02605,0.02555,0.016));
#2821=CARTESIAN_POINT('',(-0.01905,0.02605,0.016));
#2822=CARTESIAN_POINT('',(-0.01255,0.02605,0.016));
#2823=CARTESIAN_POINT('',(-0.01255,0.02555,0.016));
#2824=CARTESIAN_POINT('',(-0.01205,0.02555,0.016));
#2825=CARTESIAN_POINT('',(-0.01205,0.01905,0.016));
#2826=CARTESIAN_POINT('',(-0.01205,0.01255,0.016));
#2827=CARTESIAN_POINT('',(-0.01255,0.01255,0.016));
#2828=CARTESIAN_POINT('',(-0.01255,0.01205,0.016));
#2829=CARTESIAN_POINT('',(-0.01905,0.01205,0.016));
#2830=CARTESIAN_POINT('',(-0.02555,0.01205,0.016));
#2831=CARTESIAN_POINT('',(-0.02555,0.01255,0.016));
#2832=CARTESIAN_POINT('',(-0.02605,0.01255,0.016));
#2833=CARTESIAN_POINT('',(-0.02605,0.01905,0.016));
#2834=CARTESIAN_POINT('',(-0.0065,0.02555,0.016));
#2835=CARTESIAN_POINT('',(-0.0065,0.02605,0.016));
#2836=CARTESIAN_POINT('',(-0.007,0.02555,0.016));
#2837=CARTESIAN_POINT('',(1.7347234759768E-18,0.02605,0.016));
#2838=CARTESIAN_POINT('',(0.0065,0.02605,0.016));
#2839=CARTESIAN_POINT('',(0.0065,0.02555,0.016));
#2840=CARTESIAN_POINT('',(0.007,0.02555,0.016));
#2841=CARTESIAN_POINT('',(0.007,0.01905,0.016));
#2842=CARTESIAN_POINT('',(0.007,0.01255,0.016));
#2843=CARTESIAN_POINT('',(0.0065,0.01255,0.016));
#2844=CARTESIAN_POINT('',(0.0065,0.01205,0.016));
#2845=CARTESIAN_POINT('',(1.7347234759768E-18,0.01205,0.016));
#2846=CARTESIAN_POINT('',(-0.0065,0.01205,0.016));
#2847=CARTESIAN_POINT('',(-0.0065,0.01255,0.016));
#2848=CARTESIAN_POINT('',(-0.007,0.01255,0.016));
#2849=CARTESIAN_POINT('',(-0.007,0.01905,0.016));
#2850=CARTESIAN_POINT('',(0.01255,0.02555,0.016));
#2851=CARTESIAN_POINT('',(0.01255,0.02605,0.016));
#2852=CARTESIAN_POINT('',(0.01205,0.02555,0.016));
#2853=CARTESIAN_POINT('',(0.01905,0.02605,0.016));
#2854=CARTESIAN_POINT('',(0.02555,0.02605,0.016));
#2855=CARTESIAN_POINT('',(0.02555,0.02555,0.016));
#2856=CARTESIAN_POINT('',(0.02605,0.02555,0.016));
#2857=CARTESIAN_POINT('',(0.02605,0.01905,0.016));
#2858=CARTESIAN_POINT('',(0.02605,0.01255,0.016));
#2859=CARTESIAN_POINT('',(0.02555,0.01255,0.016));
#2860=CARTESIAN_POINT('',(0.02555,0.01205,0.016));
#2861=CARTESIAN_POINT('',(0.01905,0.01205,0.016));
#2862=CARTESIAN_POINT('',(0.01255,0.01205,0.016));
#2863=CARTESIAN_POINT('',(0.01255,0.01255,0.016));
#2864=CARTESIAN_POINT('',(0.01205,0.01255,0.016));
#2865=CARTESIAN_POINT('',(0.01205,0.01905,0.016));
#2866=CARTESIAN_POINT('',(-0.02555,0.0065,0.016));
#2867=CARTESIAN_POINT('',(-0.02555,0.007,0.016));
#2868=CARTESIAN_POINT('',(-0.02605,0.0065,0.016));
#2869=CARTESIAN_POINT('',(-0.01905,0.007,0.016));
#2870=CARTESIAN_POINT('',(-0.01255,0.007,0.016));
#2871=CARTESIAN_POINT('',(-0.01255,0.0065,0.016));
#2872=CARTESIAN_POINT('',(-0.01205,0.0065,0.016));
#2873=CARTESIAN_POINT('',(-0.01205,-1.7347234759768E-18,0.016));
#2874=CARTESIAN_POINT('',(-0.01205,-0.0065,0.016));
#2875=CARTESIAN_POINT('',(-0.01255,-0.0065,0.016));
#2876=CARTESIAN_POINT('',(-0.01255,-0.007,0.016));
#2877=CARTESIAN_POINT('',(-0.01905,-0.007,0.016));
#2878=CARTESIAN_POINT('',(-0.02555,-0.007,0.016));
#2879=CARTESIAN_POINT('',(-0.02555,-0.0065,0.016));
#2880=CARTESIAN_POINT('',(-0.02605,-0.0065,0.016));
#2881=CARTESIAN_POINT('',(-0.02605,-1.7347234759768E-18,0.016));
#2882=CARTESIAN_POINT('',(-0.0065,0.0065,0.016));
#2883=CARTESIAN_POINT('',(-0.0065,0.007,0.016));
#2884=CARTESIAN_POINT('',(-0.007,0.0065,0.016));
#2885=CARTESIAN_POINT('',(1.7347234759768E-18,0.007,0.016));
#2886=CARTESIAN_POINT('',(0.0065,0.007,0.016));
#2887=CARTESIAN_POINT('',(0.0065,0.0065,0.016));
#2888=CARTESIAN_POINT('',(0.007,0.0065,0.016));
#2889=CARTESIAN_POINT('',(0.007,-1.7347234759768E-18,0.016));
#2890=CARTESIAN_POINT('',(0.007,-0.0065,0.016));
#2891=CARTESIAN_POINT('',(0.0065,-0.0065,0.016));
#2892=CARTESIAN_POINT('',(0.0065,-0.007,0.016));
#2893=CARTESIAN_POINT('',(1.7347234759768E-18,-0.007,0.016));
#2894=CARTESIAN_POINT('',(-0.0065,-0.007,0.016));
#2895=CARTESIAN_POINT('',(-0.0065,-0.0065,0.016));
#2896=CARTESIAN_POINT('',(-0.007,-0.0065,0.016));
#2897=CARTESIAN_POINT('',(-0.007,-1.7347234759768E-18,0.016));
#2898=CARTESIAN_POINT('',(0.01255,0.0065,0.016));
#2899=CARTESIAN_POINT('',(0.01255,0.007,0.016));
#2900=CARTESIAN_POINT('',(0.01205,0.0065,0.016));
#2901=CARTESIAN_POINT('',(0.01905,0.007,0.016));
#2902=CARTESIAN_POINT('',(0.02555,0.007,0.016));
#2903=CARTESIAN_POINT('',(0.02555,0.0065,0.016));
#2904=CARTESIAN_POINT('',(0.02605,0.0065,0.016));
#2905=CARTESIAN_POINT('',(0.02605,-1.7347234759768E-18,0.016));
#2906=CARTESIAN_POINT('',(0.02605,-0.0065,0.016));
#2907=CARTESIAN_POINT('',(0.02555,-0.0065,0.016));
#2908=CARTESIAN_POINT('',(0.02555,-0.007,0.016));
#2909=CARTESIAN_POINT('',(0.01905,-0.007,0.016));
#2910=CARTESIAN_POINT('',(0.01255,-0.007,0.016));
#2911=CARTESIAN_POINT('',(0.01255,-0.0065,0.016));
#2912=CARTESIAN_POINT('',(0.01205,-0.0065,0.016));
#2913=CARTESIAN_POINT('',(0.01205,-1.7347234759768E-18,0.016));
#2914=CARTESIAN_POINT('',(-0.02555,-0.01255,0.016));
#2915=CARTESIAN_POINT('',(-0.02555,-0.01205,0.016));
#2916=CARTESIAN_POINT('',(-0.02605,-0.01255,0.016));
#2917=CARTESIAN_POINT('',(-0.01905,-0.01205,0.016));
#2918=CARTESIAN_POINT('',(-0.01255,-0.01205,0.016));
#2919=CARTESIAN_POINT('',(-0.01255,-0.01255,0.016));
#2920=CARTESIAN_POINT('',(-0.01205,-0.01255,0.016));
#2921=CARTESIAN_POINT('',(-0.01205,-0.01905,0.016));
#2922=CARTESIAN_POINT('',(-0.01205,-0.02555,0.016));
#2923=CARTESIAN_POINT('',(-0.01255,-0.02555,0.016));
#2924=CARTESIAN_POINT('',(-0.01255,-0.02605,0.016));
#2925=CARTESIAN_POINT('',(-0.01905,-0.02605,0.016));
#2926=CARTESIAN_POINT('',(-0.02555,-0.02605,0.016));
#2927=CARTESIAN_POINT('',(-0.02555,-0.02555,0.016));
#2928=CARTESIAN_POINT('',(-0.02605,-0.02555,0.016));
#2929=CARTESIAN_POINT('',(-0.02605,-0.01905,0.016));
#2930=CARTESIAN_POINT('',(0.01255,-0.01255,0.016));
#2931=CARTESIAN_POINT('',(0.01255,-0.01205,0.016));
#2932=CARTESIAN_POINT('',(0.01205,-0.01255,0.016));
#2933=CARTESIAN_POINT('',(0.01905,-0.01205,0.016));
#2934=CARTESIAN_POINT('',(0.02555,-0.01205,0.016));
#2935=CARTESIAN_POINT('',(0.02555,-0.01255,0.016));
#2936=CARTESIAN_POINT('',(0.02605,-0.01255,0.016));
#2937=CARTESIAN_POINT('',(0.02605,-0.01905,0.016));
#2938=CARTESIAN_POINT('',(0.02605,-0.02555,0.016));
#2939=CARTESIAN_POINT('',(0.02555,-0.02555,0.016));
#2940=CARTESIAN_POINT('',(0.02555,-0.02605,0.016));
#2941=CARTESIAN_POINT('',(0.01905,-0.02605,0.016));
#2942=CARTESIAN_POINT('',(0.01255,-0.02605,0.016));
#2943=CARTESIAN_POINT('',(0.01255,-0.02555,0.016));
#2944=CARTESIAN_POINT('',(0.01205,-0.02555,0.016));
#2945=CARTESIAN_POINT('',(0.01205,-0.01905,0.016));
#2946=CARTESIAN_POINT('',(0.01205,-0.01905,0.016));
#2947=CARTESIAN_POINT('',(0.01205,-0.01255,0.016));
#2948=CARTESIAN_POINT('',(0.01205,-0.02555,0.016));
#2949=CARTESIAN_POINT('',(-0.02605,0.01905,0.016));
#2950=CARTESIAN_POINT('',(-0.02605,0.02555,0.016));
#2951=CARTESIAN_POINT('',(-0.02605,0.01255,0.016));
#2952=CARTESIAN_POINT('',(-0.007,0.01905,0.016));
#2953=CARTESIAN_POINT('',(-0.007,0.02555,0.016));
#2954=CARTESIAN_POINT('',(-0.007,0.01255,0.016));
#2955=CARTESIAN_POINT('',(0.01205,0.01905,0.016));
#2956=CARTESIAN_POINT('',(0.01205,0.02555,0.016));
#2957=CARTESIAN_POINT('',(0.01205,0.01255,0.016));
#2958=CARTESIAN_POINT('',(-0.02605,-1.7347234759768E-18,0.016));
#2959=CARTESIAN_POINT('',(-0.02605,0.0065,0.016));
#2960=CARTESIAN_POINT('',(-0.02605,-0.0065,0.016));
#2961=CARTESIAN_POINT('',(-0.007,-1.7347234759768E-18,0.016));
#2962=CARTESIAN_POINT('',(-0.007,0.0065,0.016));
#2963=CARTESIAN_POINT('',(-0.007,-0.0065,0.016));
#2964=CARTESIAN_POINT('',(0.01205,-1.7347234759768E-18,0.016));
#2965=CARTESIAN_POINT('',(0.01205,0.0065,0.016));
#2966=CARTESIAN_POINT('',(0.01205,-0.0065,0.016));
#2967=CARTESIAN_POINT('',(-0.02605,-0.01905,0.016));
#2968=CARTESIAN_POINT('',(-0.02605,-0.01255,0.016));
#2969=CARTESIAN_POINT('',(-0.02605,-0.02555,0.016));
#2970=CARTESIAN_POINT('',(-0.02555,0.01255,0.016));
#2971=CARTESIAN_POINT('',(-0.02555,0.01205,0.016));
#2972=CARTESIAN_POINT('',(-0.01905,0.01205,0.016));
#2973=CARTESIAN_POINT('',(-0.01255,0.01205,0.016));
#2974=CARTESIAN_POINT('',(-0.01255,0.01255,0.016));
#2975=CARTESIAN_POINT('',(-0.01205,0.01255,0.016));
#2976=CARTESIAN_POINT('',(-0.01205,0.01905,0.016));
#2977=CARTESIAN_POINT('',(-0.01205,0.02555,0.016));
#2978=CARTESIAN_POINT('',(-0.01255,0.02555,0.016));
#2979=CARTESIAN_POINT('',(-0.01255,0.02605,0.016));
#2980=CARTESIAN_POINT('',(-0.01905,0.02605,0.016));
#2981=CARTESIAN_POINT('',(-0.02555,0.02605,0.016));
#2982=CARTESIAN_POINT('',(-0.02555,0.02555,0.016));
#2983=CARTESIAN_POINT('',(-0.0065,0.01255,0.016));
#2984=CARTESIAN_POINT('',(-0.0065,0.01205,0.016));
#2985=CARTESIAN_POINT('',(1.7347234759768E-18,0.01205,0.016));
#2986=CARTESIAN_POINT('',(0.0065,0.01205,0.016));
#2987=CARTESIAN_POINT('',(0.0065,0.01255,0.016));
#2988=CARTESIAN_POINT('',(0.007,0.01255,0.016));
#2989=CARTESIAN_POINT('',(0.007,0.01905,0.016));
#2990=CARTESIAN_POINT('',(0.007,0.02555,0.016));
#2991=CARTESIAN_POINT('',(0.0065,0.02555,0.016));
#2992=CARTESIAN_POINT('',(0.0065,0.02605,0.016));
#2993=CARTESIAN_POINT('',(1.7347234759768E-18,0.02605,0.016));
#2994=CARTESIAN_POINT('',(-0.0065,0.02605,0.016));
#2995=CARTESIAN_POINT('',(-0.0065,0.02555,0.016));
#2996=CARTESIAN_POINT('',(0.01255,0.01255,0.016));
#2997=CARTESIAN_POINT('',(0.01255,0.01205,0.016));
#2998=CARTESIAN_POINT('',(0.01905,0.01205,0.016));
#2999=CARTESIAN_POINT('',(0.02555,0.01205,0.016));
#3000=CARTESIAN_POINT('',(0.02555,0.01255,0.016));
#3001=CARTESIAN_POINT('',(0.02605,0.01255,0.016));
#3002=CARTESIAN_POINT('',(0.02605,0.01905,0.016));
#3003=CARTESIAN_POINT('',(0.02605,0.02555,0.016));
#3004=CARTESIAN_POINT('',(0.02555,0.02555,0.016));
#3005=CARTESIAN_POINT('',(0.02555,0.02605,0.016));
#3006=CARTESIAN_POINT('',(0.01905,0.02605,0.016));
#3007=CARTESIAN_POINT('',(0.01255,0.02605,0.016));
#3008=CARTESIAN_POINT('',(0.01255,0.02555,0.016));
#3009=CARTESIAN_POINT('',(-0.02555,-0.0065,0.016));
#3010=CARTESIAN_POINT('',(-0.02555,-0.007,0.016));
#3011=CARTESIAN_POINT('',(-0.01905,-0.007,0.016));
#3012=CARTESIAN_POINT('',(-0.01255,-0.007,0.016));
#3013=CARTESIAN_POINT('',(-0.01255,-0.0065,0.016));
#3014=CARTESIAN_POINT('',(-0.01205,-0.0065,0.016));
#3015=CARTESIAN_POINT('',(-0.01205,-1.7347234759768E-18,0.016));
#3016=CARTESIAN_POINT('',(-0.01205,0.0065,0.016));
#3017=CARTESIAN_POINT('',(-0.01255,0.0065,0.016));
#3018=CARTESIAN_POINT('',(-0.01255,0.007,0.016));
#3019=CARTESIAN_POINT('',(-0.01905,0.007,0.016));
#3020=CARTESIAN_POINT('',(-0.02555,0.007,0.016));
#3021=CARTESIAN_POINT('',(-0.02555,0.0065,0.016));
#3022=CARTESIAN_POINT('',(-0.0065,-0.0065,0.016));
#3023=CARTESIAN_POINT('',(-0.0065,-0.007,0.016));
#3024=CARTESIAN_POINT('',(1.7347234759768E-18,-0.007,0.016));
#3025=CARTESIAN_POINT('',(0.0065,-0.007,0.016));
#3026=CARTESIAN_POINT('',(0.0065,-0.0065,0.016));
#3027=CARTESIAN_POINT('',(0.007,-0.0065,0.016));
#3028=CARTESIAN_POINT('',(0.007,-1.7347234759768E-18,0.016));
#3029=CARTESIAN_POINT('',(0.007,0.0065,0.016));
#3030=CARTESIAN_POINT('',(0.0065,0.0065,0.016));
#3031=CARTESIAN_POINT('',(0.0065,0.007,0.016));
#3032=CARTESIAN_POINT('',(1.7347234759768E-18,0.007,0.016));
#3033=CARTESIAN_POINT('',(-0.0065,0.007,0.016));
#3034=CARTESIAN_POINT('',(-0.0065,0.0065,0.016));
#3035=CARTESIAN_POINT('',(0.01255,-0.0065,0.016));
#3036=CARTESIAN_POINT('',(0.01255,-0.007,0.016));
#3037=CARTESIAN_POINT('',(0.01905,-0.007,0.016));
#3038=CARTESIAN_POINT('',(0.02555,-0.007,0.016));
#3039=CARTESIAN_POINT('',(0.02555,-0.0065,0.016));
#3040=CARTESIAN_POINT('',(0.02605,-0.0065,0.016));
#3041=CARTESIAN_POINT('',(0.02605,-1.7347234759768E-18,0.016));
#3042=CARTESIAN_POINT('',(0.02605,0.0065,0.016));
#3043=CARTESIAN_POINT('',(0.02555,0.0065,0.016));
#3044=CARTESIAN_POINT('',(0.02555,0.007,0.016));
#3045=CARTESIAN_POINT('',(0.01905,0.007,0.016));
#3046=CARTESIAN_POINT('',(0.01255,0.007,0.016));
#3047=CARTESIAN_POINT('',(0.01255,0.0065,0.016));
#3048=CARTESIAN_POINT('',(-0.02555,-0.02555,0.016));
#3049=CARTESIAN_POINT('',(-0.02555,-0.02605,0.016));
#3050=CARTESIAN_POINT('',(-0.01905,-0.02605,0.016));
#3051=CARTESIAN_POINT('',(-0.01255,-0.02605,0.016));
#3052=CARTESIAN_POINT('',(-0.01255,-0.02555,0.016));
#3053=CARTESIAN_POINT('',(-0.01205,-0.02555,0.016));
#3054=CARTESIAN_POINT('',(-0.01205,-0.01905,0.016));
#3055=CARTESIAN_POINT('',(-0.01205,-0.01255,0.016));
#3056=CARTESIAN_POINT('',(-0.01255,-0.01255,0.016));
#3057=CARTESIAN_POINT('',(-0.01255,-0.01205,0.016));
#3058=CARTESIAN_POINT('',(-0.01905,-0.01205,0.016));
#3059=CARTESIAN_POINT('',(-0.02555,-0.01205,0.016));
#3060=CARTESIAN_POINT('',(-0.02555,-0.01255,0.016));
#3061=CARTESIAN_POINT('',(0.01255,-0.02555,0.016));
#3062=CARTESIAN_POINT('',(0.01255,-0.02605,0.016));
#3063=CARTESIAN_POINT('',(0.01905,-0.02605,0.016));
#3064=CARTESIAN_POINT('',(0.02555,-0.02605,0.016));
#3065=CARTESIAN_POINT('',(0.02555,-0.02555,0.016));
#3066=CARTESIAN_POINT('',(0.02605,-0.02555,0.016));
#3067=CARTESIAN_POINT('',(0.02605,-0.01905,0.016));
#3068=CARTESIAN_POINT('',(0.02605,-0.01255,0.016));
#3069=CARTESIAN_POINT('',(0.02555,-0.01255,0.016));
#3070=CARTESIAN_POINT('',(0.02555,-0.01205,0.016));
#3071=CARTESIAN_POINT('',(0.01905,-0.01205,0.016));
#3072=CARTESIAN_POINT('',(0.01255,-0.01205,0.016));
#3073=CARTESIAN_POINT('',(0.01255,-0.01255,0.016));
#3074=CARTESIAN_POINT('',(-0.033575,0.033575,0.004));
#3075=CARTESIAN_POINT('',(-0.033575,0.033575,0.004));
#3076=CARTESIAN_POINT('',(-0.031225,0.033575,0.004));
#3077=CARTESIAN_POINT('',(-6.93889390390723E-18,0.,0.004));
#3078=CARTESIAN_POINT('',(0.032125,-0.033575,0.004));
#3079=CARTESIAN_POINT('',(0.032125,-0.033575,0.004));
#3080=CARTESIAN_POINT('',(0.034475,-0.033575,0.004));
#3081=CARTESIAN_POINT('',(-6.93889390390723E-18,0.,0.004));
#3082=CARTESIAN_POINT('',(-0.033575,-0.033575,0.004));
#3083=CARTESIAN_POINT('',(-0.033575,-0.033575,0.004));
#3084=CARTESIAN_POINT('',(-0.031225,-0.033575,0.004));
#3085=CARTESIAN_POINT('',(-6.93889390390723E-18,0.,0.004));
#3086=CARTESIAN_POINT('',(0.033575,0.033575,0.004));
#3087=CARTESIAN_POINT('',(0.033575,0.033575,0.004));
#3088=CARTESIAN_POINT('',(0.035925,0.033575,0.004));
#3089=CARTESIAN_POINT('',(-6.93889390390723E-18,0.,0.004));
#3090=CARTESIAN_POINT('',(0.,0.,0.));
#3091=CARTESIAN_POINT('',(6.93889390390723E-18,-0.038575,0.003));
#3092=CARTESIAN_POINT('',(6.93889390390723E-18,-0.038575,0.));
#3093=CARTESIAN_POINT('',(0.038575,-0.038575,0.));
#3094=CARTESIAN_POINT('',(-0.038575,-0.038575,0.));
#3095=CARTESIAN_POINT('',(0.038575,-0.038575,0.003));
#3096=CARTESIAN_POINT('',(0.038575,-0.038575,0.003));
#3097=CARTESIAN_POINT('',(6.93889390390723E-18,-0.038575,0.003));
#3098=CARTESIAN_POINT('',(-0.038575,-0.038575,0.003));
#3099=CARTESIAN_POINT('',(-0.038575,-0.038575,0.003));
#3100=CARTESIAN_POINT('',(0.038575,6.93889390390723E-18,0.003));
#3101=CARTESIAN_POINT('',(0.038575,6.93889390390723E-18,0.));
#3102=CARTESIAN_POINT('',(0.038575,0.038575,0.));
#3103=CARTESIAN_POINT('',(0.038575,0.038575,0.003));
#3104=CARTESIAN_POINT('',(0.038575,0.038575,0.003));
#3105=CARTESIAN_POINT('',(0.038575,6.93889390390723E-18,0.003));
#3106=CARTESIAN_POINT('',(-6.93889390390723E-18,0.038575,0.003));
#3107=CARTESIAN_POINT('',(-6.93889390390723E-18,0.038575,0.));
#3108=CARTESIAN_POINT('',(-0.038575,0.038575,0.));
#3109=CARTESIAN_POINT('',(-0.038575,0.038575,0.003));
#3110=CARTESIAN_POINT('',(-0.038575,0.038575,0.003));
#3111=CARTESIAN_POINT('',(-6.93889390390723E-18,0.038575,0.003));
#3112=CARTESIAN_POINT('',(-0.038575,-6.93889390390723E-18,0.003));
#3113=CARTESIAN_POINT('',(-0.038575,-6.93889390390723E-18,0.));
#3114=CARTESIAN_POINT('',(-0.038575,-6.93889390390723E-18,0.003));
#3115=CARTESIAN_POINT('',(0.,0.,0.003));
#3116=CARTESIAN_POINT('',(0.033575,0.033575,0.003));
#3117=CARTESIAN_POINT('',(0.035925,0.033575,0.003));
#3118=CARTESIAN_POINT('',(-0.033575,-0.033575,0.003));
#3119=CARTESIAN_POINT('',(-0.031225,-0.033575,0.003));
#3120=CARTESIAN_POINT('',(0.032125,-0.033575,0.003));
#3121=CARTESIAN_POINT('',(0.034475,-0.033575,0.003));
#3122=CARTESIAN_POINT('',(-0.033575,0.033575,0.003));
#3123=CARTESIAN_POINT('',(-0.031225,0.033575,0.003));
#3124=CARTESIAN_POINT('',(0.,0.,0.));
#3125=CARTESIAN_POINT('',(0.033575,0.033575,0.));
#3126=CARTESIAN_POINT('',(0.035925,0.033575,0.));
#3127=CARTESIAN_POINT('',(-0.033575,-0.033575,0.));
#3128=CARTESIAN_POINT('',(-0.031225,-0.033575,0.));
#3129=CARTESIAN_POINT('',(0.032125,-0.033575,0.));
#3130=CARTESIAN_POINT('',(0.034475,-0.033575,0.));
#3131=CARTESIAN_POINT('',(-0.033575,0.033575,0.));
#3132=CARTESIAN_POINT('',(-0.031225,0.033575,0.));
#3133=CARTESIAN_POINT('',(-0.033575,0.033575,0.004));
#3134=CARTESIAN_POINT('',(0.032125,-0.033575,0.004));
#3135=CARTESIAN_POINT('',(-0.033575,-0.033575,0.004));
#3136=CARTESIAN_POINT('',(0.033575,0.033575,0.004));
#3137=CARTESIAN_POINT('',(0.,0.,0.));
#3138=MECHANICAL_DESIGN_GEOMETRIC_PRESENTATION_REPRESENTATION('',(#1858,
#1859),#3139);
#3139=(
GEOMETRIC_REPRESENTATION_CONTEXT(3)
GLOBAL_UNCERTAINTY_ASSIGNED_CONTEXT((#3142))
GLOBAL_UNIT_ASSIGNED_CONTEXT((#3147,#3146,#3145))
REPRESENTATION_CONTEXT('Assembaly','TOP_LEVEL_ASSEMBLY_PART')
);
#3140=(
GEOMETRIC_REPRESENTATION_CONTEXT(3)
GLOBAL_UNCERTAINTY_ASSIGNED_CONTEXT((#3143))
GLOBAL_UNIT_ASSIGNED_CONTEXT((#3147,#3146,#3145))
REPRESENTATION_CONTEXT('Part 2','COMPONENT_PART')
);
#3141=(
GEOMETRIC_REPRESENTATION_CONTEXT(3)
GLOBAL_UNCERTAINTY_ASSIGNED_CONTEXT((#3144))
GLOBAL_UNIT_ASSIGNED_CONTEXT((#3147,#3146,#3145))
REPRESENTATION_CONTEXT('Part 1','COMPONENT_PART')
);
#3142=UNCERTAINTY_MEASURE_WITH_UNIT(LENGTH_MEASURE(1.E-8),#3147,
'DISTANCE_ACCURACY_VALUE','Maximum Tolerance applied to model');
#3143=UNCERTAINTY_MEASURE_WITH_UNIT(LENGTH_MEASURE(1.E-8),#3147,
'DISTANCE_ACCURACY_VALUE','Maximum Tolerance applied to model');
#3144=UNCERTAINTY_MEASURE_WITH_UNIT(LENGTH_MEASURE(1.E-8),#3147,
'DISTANCE_ACCURACY_VALUE','Maximum Tolerance applied to model');
#3145=(
NAMED_UNIT(*)
SI_UNIT($,.STERADIAN.)
SOLID_ANGLE_UNIT()
);
#3146=(
NAMED_UNIT(*)
PLANE_ANGLE_UNIT()
SI_UNIT($,.RADIAN.)
);
#3147=(
LENGTH_UNIT()
NAMED_UNIT(*)
SI_UNIT($,.METRE.)
);
#3148=PRODUCT_DEFINITION_SHAPE('','',#3153);
#3149=PRODUCT_DEFINITION_SHAPE('','',#3154);
#3150=PRODUCT_DEFINITION_SHAPE(' ','NAUO PRDDFN',#12);
#3151=PRODUCT_DEFINITION_SHAPE('','',#3155);
#3152=PRODUCT_DEFINITION_SHAPE(' ','NAUO PRDDFN',#13);
#3153=PRODUCT_DEFINITION('','',#3159,#3156);
#3154=PRODUCT_DEFINITION('','',#3160,#3157);
#3155=PRODUCT_DEFINITION('','',#3161,#3158);
#3156=PRODUCT_DEFINITION_CONTEXT('',#3175,'design');
#3157=PRODUCT_DEFINITION_CONTEXT('',#3175,'design');
#3158=PRODUCT_DEFINITION_CONTEXT('',#3175,'design');
#3159=PRODUCT_DEFINITION_FORMATION_WITH_SPECIFIED_SOURCE('','',#3165,
 .NOT_KNOWN.);
#3160=PRODUCT_DEFINITION_FORMATION_WITH_SPECIFIED_SOURCE('','',#3166,
 .NOT_KNOWN.);
#3161=PRODUCT_DEFINITION_FORMATION_WITH_SPECIFIED_SOURCE('','',#3167,
 .NOT_KNOWN.);
#3162=PRODUCT_RELATED_PRODUCT_CATEGORY('','',(#3165));
#3163=PRODUCT_RELATED_PRODUCT_CATEGORY('','',(#3166));
#3164=PRODUCT_RELATED_PRODUCT_CATEGORY('','',(#3167));
#3165=PRODUCT('Assembaly','Assembaly','Assembaly',(#3171));
#3166=PRODUCT('Part 2','Part 2','Part 2',(#3172));
#3167=PRODUCT('Part 1','Part 1','Part 1',(#3173));
#3168=PRODUCT_CATEGORY('','');
#3169=PRODUCT_CATEGORY('','');
#3170=PRODUCT_CATEGORY('','');
#3171=PRODUCT_CONTEXT('',#3175,'mechanical');
#3172=PRODUCT_CONTEXT('',#3175,'mechanical');
#3173=PRODUCT_CONTEXT('',#3175,'mechanical');
#3174=APPLICATION_PROTOCOL_DEFINITION('international standard',
'ap242_managed_model_based_3d_engineering',2020,#3175);
#3175=APPLICATION_CONTEXT('managed model based 3d engineering');
ENDSEC;
END-ISO-10303-21;
